[1777365990.987][INFO]: Starting ChromeDriver 91.0.4472.19 (1bf021f248676a0b2ab3ee0561d83a59e424c23e-refs/branch-heads/4472@{#288}) on port 22999
[1777365990.987][INFO]: Please see https://chromedriver.chromium.org/security-considerations for suggestions on keeping ChromeDriver safe.
[1777365990.992][SEVERE]: bind() failed: Cannot assign requested address (99)
[1777365990.992][INFO]: listen on IPv6 failed with error ERR_ADDRESS_INVALID
[1777365991.061][INFO]: [1f06e95b50b89884cf09928311c93952] COMMAND InitSession {
   "capabilities": {
      "firstMatch": [ {
         "browserName": "chrome",
         "goog:chromeOptions": {

         }
      } ]
   },
   "desiredCapabilities": {
      "browserName": "chrome",
      "goog:chromeOptions": {

      }
   }
}
[1777365991.065][INFO]: Populating Preferences file: {
   "alternate_error_pages": {
      "enabled": false
   },
   "autofill": {
      "enabled": false
   },
   "browser": {
      "check_default_browser": false
   },
   "distribution": {
      "import_bookmarks": false,
      "import_history": false,
      "import_search_engine": false,
      "make_chrome_default_for_user": false,
      "skip_first_run_ui": true
   },
   "dns_prefetching": {
      "enabled": false
   },
   "profile": {
      "content_settings": {
         "pattern_pairs": {
            "https://*,*": {
               "media-stream": {
                  "audio": "Default",
                  "video": "Default"
               }
            }
         }
      },
      "default_content_setting_values": {
         "geolocation": 1
      },
      "default_content_settings": {
         "geolocation": 1,
         "mouselock": 1,
         "notifications": 1,
         "popups": 1,
         "ppapi-broker": 1
      },
      "password_manager_enabled": false
   },
   "safebrowsing": {
      "enabled": false
   },
   "search": {
      "suggest_enabled": false
   },
   "translate": {
      "enabled": false
   }
}
[1777365991.065][INFO]: Populating Local State file: {
   "background_mode": {
      "enabled": false
   },
   "ssl": {
      "rev_checking": {
         "enabled": false
      }
   }
}
[1777365991.065][INFO]: Launching chrome: /usr/bin/google-chrome --allow-pre-commit-input --disable-background-networking --disable-client-side-phishing-detection --disable-default-apps --disable-hang-monitor --disable-popup-blocking --disable-prompt-on-repost --disable-sync --enable-automation --enable-blink-features=ShadowDOMV0 --enable-logging --log-level=0 --no-first-run --no-service-autorun --password-store=basic --remote-debugging-port=0 --test-type=webdriver --use-mock-keychain --user-data-dir=/tmp/.com.google.Chrome.HqvQkQ data:,

DevTools listening on ws://127.0.0.1:36113/devtools/browser/84309412-47f1-4da6-b03e-dbaa6e8fd030
[450:450:0428/104631.574473:ERROR:gpu_init.cc(440)] Passthrough is not supported, GL is swiftshader
[1777365991.578][DEBUG]: DevTools HTTP Request: http://localhost:36113/json/version
[419:453:0428/104631.667655:ERROR:object_proxy.cc(622)] Failed to call method: org.freedesktop.Notifications.GetCapabilities: object_path= /org/freedesktop/Notifications: org.freedesktop.DBus.Error.Spawn.ChildExited: Process org.freedesktop.Notifications exited with status 1
[1777365991.735][DEBUG]: DevTools HTTP Response: {
   "Browser": "Chrome/91.0.4472.77",
   "Protocol-Version": "1.3",
   "User-Agent": "Mozilla/5.0 (X11; Linux x86_64) AppleWebKit/537.36 (KHTML, like Gecko) Chrome/91.0.4472.77 Safari/537.36",
   "V8-Version": "9.1.269.28",
   "WebKit-Version": "537.36 (@1cecd5c8a856bc2a5adda436e7b84d8d21b339b6)",
   "webSocketDebuggerUrl": "ws://localhost:36113/devtools/browser/84309412-47f1-4da6-b03e-dbaa6e8fd030"
}

[1777365991.735][DEBUG]: DevTools HTTP Request: http://localhost:36113/json/list
[1777365991.779][DEBUG]: DevTools HTTP Response: [ {
   "description": "",
   "devtoolsFrontendUrl": "/devtools/inspector.html?ws=localhost:36113/devtools/page/2846F8E841F44724619BCD3FFD3274CC",
   "id": "2846F8E841F44724619BCD3FFD3274CC",
   "title": "",
   "type": "page",
   "url": "data:,",
   "webSocketDebuggerUrl": "ws://localhost:36113/devtools/page/2846F8E841F44724619BCD3FFD3274CC"
} ]

[1777365991.779][DEBUG]: DevTools HTTP Request: http://localhost:36113/json/list
[1777365991.792][DEBUG]: DevTools HTTP Response: [ {
   "description": "",
   "devtoolsFrontendUrl": "/devtools/inspector.html?ws=localhost:36113/devtools/page/2846F8E841F44724619BCD3FFD3274CC",
   "id": "2846F8E841F44724619BCD3FFD3274CC",
   "title": "",
   "type": "page",
   "url": "data:,",
   "webSocketDebuggerUrl": "ws://localhost:36113/devtools/page/2846F8E841F44724619BCD3FFD3274CC"
} ]

[1777365991.794][INFO]: resolved localhost to ["127.0.0.1","::1"]
[419:510:0428/104631.795800:ERROR:object_proxy.cc(622)] Failed to call method: org.freedesktop.DBus.Properties.Get: object_path= /org/freedesktop/UPower: org.freedesktop.DBus.Error.ServiceUnknown: The name org.freedesktop.UPower was not provided by any .service files
[419:510:0428/104631.796577:ERROR:object_proxy.cc(622)] Failed to call method: org.freedesktop.UPower.GetDisplayDevice: object_path= /org/freedesktop/UPower: org.freedesktop.DBus.Error.ServiceUnknown: The name org.freedesktop.UPower was not provided by any .service files
[419:510:0428/104631.796865:ERROR:object_proxy.cc(622)] Failed to call method: org.freedesktop.UPower.EnumerateDevices: object_path= /org/freedesktop/UPower: org.freedesktop.DBus.Error.ServiceUnknown: The name org.freedesktop.UPower was not provided by any .service files
[1777365991.856][DEBUG]: DevTools WebSocket Command: Page.addScriptToEvaluateOnNewDocument (id=1) 2846F8E841F44724619BCD3FFD3274CC {
   "source": "(function () {window.cdc_adoQpoasnfa76pfcZLmcfl_Array = window.Array;window.cdc_adoQpoasnfa76pfcZLmcfl_Promise = window.Promise;window.cdc_adoQpoasnfa76pfcZLmcfl_Symbol = window.Symbol;}) ();"
}
[1777365991.856][DEBUG]: DevTools WebSocket Command: Runtime.evaluate (id=2) 2846F8E841F44724619BCD3FFD3274CC {
   "expression": "(function () {window.cdc_adoQpoasnfa76pfcZLmcfl_Array = window.Array;window.cdc_adoQpoasnfa76pfcZLmcfl_Promise = window.Promise;window.cdc_adoQpoasnfa76pfcZLmcfl_Symbol = window.Symbol;}) ();"
}
[1777365991.856][DEBUG]: DevTools WebSocket Command: Log.enable (id=3) 2846F8E841F44724619BCD3FFD3274CC {

}
[1777365991.856][DEBUG]: DevTools WebSocket Command: DOM.getDocument (id=4) 2846F8E841F44724619BCD3FFD3274CC {

}
[1777365991.856][DEBUG]: DevTools WebSocket Command: Target.setAutoAttach (id=5) 2846F8E841F44724619BCD3FFD3274CC {
   "autoAttach": true,
   "flatten": true,
   "waitForDebuggerOnStart": false
}
[1777365991.857][DEBUG]: DevTools WebSocket Command: Page.enable (id=6) 2846F8E841F44724619BCD3FFD3274CC {

}
[1777365991.857][DEBUG]: DevTools WebSocket Command: Page.enable (id=7) 2846F8E841F44724619BCD3FFD3274CC {

}
[1777365991.926][DEBUG]: DevTools WebSocket Response: Page.addScriptToEvaluateOnNewDocument (id=1) 2846F8E841F44724619BCD3FFD3274CC {
   "identifier": "1"
}
[1777365991.926][DEBUG]: DevTools WebSocket Response: Runtime.evaluate (id=2) 2846F8E841F44724619BCD3FFD3274CC {
   "result": {
      "type": "undefined"
   }
}
[1777365991.926][DEBUG]: DevTools WebSocket Response: Log.enable (id=3) 2846F8E841F44724619BCD3FFD3274CC {

}
[1777365991.926][DEBUG]: DevTools WebSocket Response: DOM.getDocument (id=4) 2846F8E841F44724619BCD3FFD3274CC {
   "root": {
      "backendNodeId": 2,
      "baseURL": "data:,",
      "childNodeCount": 0,
      "children": [  ],
      "documentURL": "data:,",
      "localName": "",
      "nodeId": 1,
      "nodeName": "#document",
      "nodeType": 9,
      "nodeValue": "",
      "xmlVersion": ""
   }
}
[1777365991.926][DEBUG]: DevTools WebSocket Response: Target.setAutoAttach (id=5) 2846F8E841F44724619BCD3FFD3274CC {

}
[1777365991.927][DEBUG]: DevTools WebSocket Response: Page.enable (id=6) 2846F8E841F44724619BCD3FFD3274CC {

}
[1777365991.927][DEBUG]: DevTools WebSocket Response: Page.enable (id=7) 2846F8E841F44724619BCD3FFD3274CC {

}
[1777365991.927][DEBUG]: DevTools WebSocket Command: Runtime.enable (id=8) 2846F8E841F44724619BCD3FFD3274CC {

}
[1777365991.931][DEBUG]: DevTools WebSocket Event: DOM.childNodeInserted 2846F8E841F44724619BCD3FFD3274CC {
   "node": {
      "attributes": [  ],
      "backendNodeId": 3,
      "childNodeCount": 0,
      "frameId": "2846F8E841F44724619BCD3FFD3274CC",
      "localName": "html",
      "nodeId": 2,
      "nodeName": "HTML",
      "nodeType": 1,
      "nodeValue": ""
   },
   "parentNodeId": 1,
   "previousNodeId": 0
}
[1777365991.931][DEBUG]: DevTools WebSocket Event: DOM.childNodeCountUpdated 2846F8E841F44724619BCD3FFD3274CC {
   "childNodeCount": 1,
   "nodeId": 2
}
[1777365991.931][DEBUG]: DevTools WebSocket Event: DOM.childNodeCountUpdated 2846F8E841F44724619BCD3FFD3274CC {
   "childNodeCount": 2,
   "nodeId": 2
}
[1777365991.931][DEBUG]: DevTools WebSocket Event: Page.loadEventFired 2846F8E841F44724619BCD3FFD3274CC {
   "timestamp": 8121.007745
}
[1777365991.931][DEBUG]: DevTools WebSocket Command: Runtime.evaluate (id=9) 2846F8E841F44724619BCD3FFD3274CC {
   "awaitPromise": false,
   "expression": "document.readyState",
   "returnByValue": true
}
[1777365991.932][DEBUG]: DevTools WebSocket Event: Page.frameStoppedLoading 2846F8E841F44724619BCD3FFD3274CC {
   "frameId": "2846F8E841F44724619BCD3FFD3274CC"
}
[1777365991.933][DEBUG]: DevTools WebSocket Event: DOM.documentUpdated 2846F8E841F44724619BCD3FFD3274CC {

}
[1777365991.933][DEBUG]: DevTools WebSocket Command: DOM.getDocument (id=10) 2846F8E841F44724619BCD3FFD3274CC {

}
[1777365991.934][DEBUG]: DevTools WebSocket Event: Page.domContentEventFired 2846F8E841F44724619BCD3FFD3274CC {
   "timestamp": 8121.010937
}
[1777365991.934][DEBUG]: DevTools WebSocket Event: Page.frameResized 2846F8E841F44724619BCD3FFD3274CC {

}
[1777365991.946][DEBUG]: DevTools WebSocket Event: Runtime.executionContextCreated 2846F8E841F44724619BCD3FFD3274CC {
   "context": {
      "auxData": {
         "frameId": "2846F8E841F44724619BCD3FFD3274CC",
         "isDefault": true,
         "type": "default"
      },
      "id": 1,
      "name": "",
      "origin": "://",
      "uniqueId": "-4240141874104525968.7252580884301571512"
   }
}
[1777365991.946][DEBUG]: DevTools WebSocket Response: Runtime.enable (id=8) 2846F8E841F44724619BCD3FFD3274CC {

}
[1777365991.946][DEBUG]: DevTools WebSocket Response: Runtime.evaluate (id=9) 2846F8E841F44724619BCD3FFD3274CC {
   "result": {
      "type": "string",
      "value": "complete"
   }
}
[1777365991.946][DEBUG]: DevTools WebSocket Command: Page.enable (id=11) 2846F8E841F44724619BCD3FFD3274CC {

}
[1777365991.947][DEBUG]: DevTools WebSocket Response: DOM.getDocument (id=10) 2846F8E841F44724619BCD3FFD3274CC {
   "root": {
      "backendNodeId": 2,
      "baseURL": "data:,",
      "childNodeCount": 1,
      "children": [ {
         "attributes": [  ],
         "backendNodeId": 3,
         "childNodeCount": 2,
         "children": [ {
            "attributes": [  ],
            "backendNodeId": 4,
            "childNodeCount": 0,
            "localName": "head",
            "nodeId": 5,
            "nodeName": "HEAD",
            "nodeType": 1,
            "nodeValue": "",
            "parentId": 4
         }, {
            "attributes": [  ],
            "backendNodeId": 5,
            "childNodeCount": 0,
            "localName": "body",
            "nodeId": 6,
            "nodeName": "BODY",
            "nodeType": 1,
            "nodeValue": "",
            "parentId": 4
         } ],
         "frameId": "2846F8E841F44724619BCD3FFD3274CC",
         "localName": "html",
         "nodeId": 4,
         "nodeName": "HTML",
         "nodeType": 1,
         "nodeValue": "",
         "parentId": 3
      } ],
      "documentURL": "data:,",
      "localName": "",
      "nodeId": 3,
      "nodeName": "#document",
      "nodeType": 9,
      "nodeValue": "",
      "xmlVersion": ""
   }
}
[1777365991.947][DEBUG]: DevTools WebSocket Response: Page.enable (id=11) 2846F8E841F44724619BCD3FFD3274CC {

}
[1777365991.947][DEBUG]: DevTools WebSocket Command: Runtime.enable (id=12) 2846F8E841F44724619BCD3FFD3274CC {

}
[1777365991.958][DEBUG]: DevTools WebSocket Response: Runtime.enable (id=12) 2846F8E841F44724619BCD3FFD3274CC {

}
[1777365991.959][DEBUG]: DevTools WebSocket Command: Runtime.evaluate (id=13) 2846F8E841F44724619BCD3FFD3274CC {
   "awaitPromise": true,
   "expression": "(function() { // Copyright (c) 2012 The Chromium Authors. All rights reserved.\n// Use of this source code is governed by a BSD-style license that can be\n// found in the LICENSE file.\n\n/**\n * Enum f...",
   "returnByValue": true
}
[1777365991.967][DEBUG]: DevTools WebSocket Response: Runtime.evaluate (id=13) 2846F8E841F44724619BCD3FFD3274CC {
   "result": {
      "type": "object",
      "value": {
         "status": 0,
         "value": 1
      }
   }
}
[1777365991.967][INFO]: [1f06e95b50b89884cf09928311c93952] RESPONSE InitSession {
   "capabilities": {
      "acceptInsecureCerts": false,
      "browserName": "chrome",
      "browserVersion": "91.0.4472.77",
      "chrome": {
         "chromedriverVersion": "91.0.4472.19 (1bf021f248676a0b2ab3ee0561d83a59e424c23e-refs/branch-heads/4472@{#288})",
         "userDataDir": "/tmp/.com.google.Chrome.HqvQkQ"
      },
      "goog:chromeOptions": {
         "debuggerAddress": "localhost:36113"
      },
      "networkConnectionEnabled": false,
      "pageLoadStrategy": "normal",
      "platformName": "linux",
      "proxy": {

      },
      "setWindowRect": true,
      "strictFileInteractability": false,
      "timeouts": {
         "implicit": 0,
         "pageLoad": 300000,
         "script": 30000
      },
      "unhandledPromptBehavior": "dismiss and notify",
      "webauthn:extension:largeBlob": true,
      "webauthn:virtualAuthenticators": true
   },
   "sessionId": "1f06e95b50b89884cf09928311c93952"
}
[1777365992.449][INFO]: [1f06e95b50b89884cf09928311c93952] COMMAND MaximizeWindow {

}
[1777365992.449][INFO]: Waiting for pending navigations...
[1777365992.449][DEBUG]: DevTools WebSocket Command: Runtime.evaluate (id=14) 2846F8E841F44724619BCD3FFD3274CC {
   "expression": "1"
}
[1777365992.451][DEBUG]: DevTools WebSocket Response: Runtime.evaluate (id=14) 2846F8E841F44724619BCD3FFD3274CC {
   "result": {
      "description": "1",
      "type": "number",
      "value": 1
   }
}
[1777365992.451][INFO]: Done waiting for pending navigations. Status: ok
[1777365992.451][INFO]: resolved localhost to ["127.0.0.1","::1"]
[1777365992.452][DEBUG]: DevTools WebSocket Command: Browser.getWindowForTarget (id=1) browser {
   "targetId": "2846F8E841F44724619BCD3FFD3274CC"
}
[1777365992.452][DEBUG]: DevTools WebSocket Response: Browser.getWindowForTarget (id=1) browser {
   "bounds": {
      "height": 1038,
      "left": 10,
      "top": 10,
      "width": 945,
      "windowState": "normal"
   },
   "windowId": 1
}
[1777365992.452][DEBUG]: DevTools WebSocket Command: Browser.setWindowBounds (id=2) browser {
   "bounds": {
      "windowState": "maximized"
   },
   "windowId": 1
}
[1777365992.462][DEBUG]: DevTools WebSocket Response: Browser.setWindowBounds (id=2) browser {

}
[1777365992.562][DEBUG]: DevTools WebSocket Command: Browser.getWindowBounds (id=3) browser {
   "windowId": 1
}
[1777365992.568][DEBUG]: DevTools WebSocket Response: Browser.getWindowBounds (id=3) browser {
   "bounds": {
      "height": 1058,
      "left": 0,
      "top": 0,
      "width": 1920,
      "windowState": "maximized"
   }
}
[1777365992.568][DEBUG]: DevTools WebSocket Command: Browser.getWindowForTarget (id=4) browser {
   "targetId": "2846F8E841F44724619BCD3FFD3274CC"
}
[1777365992.569][DEBUG]: DevTools WebSocket Response: Browser.getWindowForTarget (id=4) browser {
   "bounds": {
      "height": 1058,
      "left": 0,
      "top": 0,
      "width": 1920,
      "windowState": "maximized"
   },
   "windowId": 1
}
[1777365992.569][INFO]: Waiting for pending navigations...
[1777365992.569][DEBUG]: DevTools WebSocket Event: Page.frameResized 2846F8E841F44724619BCD3FFD3274CC {

}
[1777365992.569][DEBUG]: DevTools WebSocket Event: Page.frameResized 2846F8E841F44724619BCD3FFD3274CC {

}
[1777365992.570][DEBUG]: DevTools WebSocket Command: Runtime.evaluate (id=15) 2846F8E841F44724619BCD3FFD3274CC {
   "expression": "1"
}
[1777365992.574][DEBUG]: DevTools WebSocket Response: Runtime.evaluate (id=15) 2846F8E841F44724619BCD3FFD3274CC {
   "result": {
      "description": "1",
      "type": "number",
      "value": 1
   }
}
[1777365992.574][INFO]: Done waiting for pending navigations. Status: ok
[1777365992.574][INFO]: [1f06e95b50b89884cf09928311c93952] RESPONSE MaximizeWindow {
   "height": 1058,
   "width": 1920,
   "x": 0,
   "y": 0
}
[1777365992.656][INFO]: [1f06e95b50b89884cf09928311c93952] COMMAND SetTimeouts {
   "implicit": 30000
}
[1777365992.656][INFO]: [1f06e95b50b89884cf09928311c93952] RESPONSE SetTimeouts
[1777365992.703][INFO]: [1f06e95b50b89884cf09928311c93952] COMMAND Navigate {
   "url": "https://www.google.com"
}
[1777365992.703][INFO]: Waiting for pending navigations...
[1777365992.703][DEBUG]: DevTools WebSocket Command: Runtime.evaluate (id=16) 2846F8E841F44724619BCD3FFD3274CC {
   "expression": "1"
}
[1777365992.703][DEBUG]: DevTools WebSocket Response: Runtime.evaluate (id=16) 2846F8E841F44724619BCD3FFD3274CC {
   "result": {
      "description": "1",
      "type": "number",
      "value": 1
   }
}
[1777365992.703][INFO]: Done waiting for pending navigations. Status: ok
[1777365992.703][DEBUG]: DevTools WebSocket Command: Page.navigate (id=17) 2846F8E841F44724619BCD3FFD3274CC {
   "url": "https://www.google.com"
}
[1777365992.907][DEBUG]: DevTools WebSocket Response: Page.navigate (id=17) 2846F8E841F44724619BCD3FFD3274CC {
   "frameId": "2846F8E841F44724619BCD3FFD3274CC",
   "loaderId": "0885C53A55B31C7EF50F60F2E6A57BA3"
}
[1777365992.907][DEBUG]: DevTools WebSocket Command: Runtime.evaluate (id=18) 2846F8E841F44724619BCD3FFD3274CC {
   "expression": "document.URL"
}
[1777365992.923][DEBUG]: DevTools WebSocket Event: Runtime.executionContextsCleared 2846F8E841F44724619BCD3FFD3274CC {

}
[1777365992.925][DEBUG]: DevTools WebSocket Event: Page.frameStartedLoading 2846F8E841F44724619BCD3FFD3274CC {
   "frameId": "2846F8E841F44724619BCD3FFD3274CC"
}
[1777365992.925][DEBUG]: DevTools WebSocket Event: Runtime.executionContextsCleared 2846F8E841F44724619BCD3FFD3274CC {

}
[1777365992.925][DEBUG]: DevTools WebSocket Event: Log.entryAdded 2846F8E841F44724619BCD3FFD3274CC {
   "entry": {
      "level": "warning",
      "source": "security",
      "text": "Error with Permissions-Policy header: Unrecognized feature: 'unload'.",
      "timestamp": 1.777365992919398e+12
   }
}
[1777365992.996][DEBUG]: DevTools WebSocket Event: Page.frameNavigated 2846F8E841F44724619BCD3FFD3274CC {
   "frame": {
      "adFrameType": "none",
      "crossOriginIsolatedContextType": "NotIsolated",
      "domainAndRegistry": "google.com",
      "gatedAPIFeatures": [ "SharedArrayBuffersTransferAllowed" ],
      "id": "2846F8E841F44724619BCD3FFD3274CC",
      "loaderId": "0885C53A55B31C7EF50F60F2E6A57BA3",
      "mimeType": "text/html",
      "secureContextType": "Secure",
      "securityOrigin": "https://www.google.com",
      "url": "https://www.google.com/"
   }
}
[1777365992.998][DEBUG]: DevTools WebSocket Event: Runtime.executionContextCreated 2846F8E841F44724619BCD3FFD3274CC {
   "context": {
      "auxData": {
         "frameId": "2846F8E841F44724619BCD3FFD3274CC",
         "isDefault": true,
         "type": "default"
      },
      "id": 1,
      "name": "",
      "origin": "https://www.google.com",
      "uniqueId": "-1146920267499986826.-8513526029521033569"
   }
}
[1777365992.998][DEBUG]: DevTools WebSocket Event: DOM.documentUpdated 2846F8E841F44724619BCD3FFD3274CC {

}
[1777365992.998][DEBUG]: DevTools WebSocket Command: DOM.getDocument (id=19) 2846F8E841F44724619BCD3FFD3274CC {

}
[1777365993.057][DEBUG]: DevTools WebSocket Response: Runtime.evaluate (id=18) 2846F8E841F44724619BCD3FFD3274CC {
   "result": {
      "type": "string",
      "value": "https://www.google.com/"
   }
}
[1777365993.057][INFO]: Waiting for pending navigations...
[1777365993.057][DEBUG]: DevTools WebSocket Command: Runtime.evaluate (id=20) 2846F8E841F44724619BCD3FFD3274CC {
   "expression": "1"
}
[1777365993.148][DEBUG]: DevTools WebSocket Event: Page.frameResized 2846F8E841F44724619BCD3FFD3274CC {

}
[1777365993.148][DEBUG]: DevTools WebSocket Response: DOM.getDocument (id=19) 2846F8E841F44724619BCD3FFD3274CC {
   "root": {
      "backendNodeId": 1,
      "baseURL": "https://www.google.com/",
      "childNodeCount": 2,
      "children": [ {
         "backendNodeId": 8,
         "localName": "",
         "nodeId": 2,
         "nodeName": "html",
         "nodeType": 10,
         "nodeValue": "",
         "parentId": 1,
         "publicId": "",
         "systemId": ""
      }, {
         "attributes": [ "itemscope", "", "itemtype", "http://schema.org/WebPage", "lang", "en-IN" ],
         "backendNodeId": 9,
         "childNodeCount": 2,
         "children": [ {
            "attributes": [  ],
            "backendNodeId": 10,
            "childNodeCount": 7,
            "localName": "head",
            "nodeId": 4,
            "nodeName": "HEAD",
            "nodeType": 1,
            "nodeValue": "",
            "parentId": 3
         }, {
            "attributes": [ "bgcolor", "#fff" ],
            "backendNodeId": 11,
            "childNodeCount": 3,
            "localName": "body",
            "nodeId": 5,
            "nodeName": "BODY",
            "nodeType": 1,
            "nodeValue": "",
            "parentId": 3
         } ],
         "frameId": "2846F8E841F44724619BCD3FFD3274CC",
         "localName": "html",
         "nodeId": 3,
         "nodeName": "HTML",
         "nodeType": 1,
         "nodeValue": "",
         "parentId": 1
      } ],
      "documentURL": "https://www.google.com/",
      "localName": "",
      "nodeId": 1,
      "nodeName": "#document",
      "nodeType": 9,
      "nodeValue": "",
      "xmlVersion": ""
   }
}
[1777365993.149][DEBUG]: DevTools WebSocket Response: Runtime.evaluate (id=20) 2846F8E841F44724619BCD3FFD3274CC {
   "result": {
      "description": "1",
      "type": "number",
      "value": 1
   }
}
[1777365993.199][DEBUG]: DevTools WebSocket Event: DOM.childNodeCountUpdated 2846F8E841F44724619BCD3FFD3274CC {
   "childNodeCount": 4,
   "nodeId": 5
}
[1777365993.199][DEBUG]: DevTools WebSocket Command: Runtime.evaluate (id=21) 2846F8E841F44724619BCD3FFD3274CC {
   "expression": "1"
}
[1777365993.203][DEBUG]: DevTools WebSocket Event: DOM.childNodeCountUpdated 2846F8E841F44724619BCD3FFD3274CC {
   "childNodeCount": 5,
   "nodeId": 5
}
[1777365993.203][DEBUG]: DevTools WebSocket Event: DOM.childNodeCountUpdated 2846F8E841F44724619BCD3FFD3274CC {
   "childNodeCount": 6,
   "nodeId": 5
}
[1777365993.204][DEBUG]: DevTools WebSocket Event: DOM.childNodeCountUpdated 2846F8E841F44724619BCD3FFD3274CC {
   "childNodeCount": 8,
   "nodeId": 4
}
[1777365993.204][DEBUG]: DevTools WebSocket Event: DOM.childNodeCountUpdated 2846F8E841F44724619BCD3FFD3274CC {
   "childNodeCount": 9,
   "nodeId": 4
}
[1777365993.205][DEBUG]: DevTools WebSocket Event: DOM.childNodeCountUpdated 2846F8E841F44724619BCD3FFD3274CC {
   "childNodeCount": 7,
   "nodeId": 5
}
[1777365993.233][DEBUG]: DevTools WebSocket Event: Page.frameResized 2846F8E841F44724619BCD3FFD3274CC {

}
[1777365993.249][DEBUG]: DevTools WebSocket Response: Runtime.evaluate (id=21) 2846F8E841F44724619BCD3FFD3274CC {
   "result": {
      "description": "1",
      "type": "number",
      "value": 1
   }
}
[1777365993.266][DEBUG]: DevTools WebSocket Event: DOM.childNodeCountUpdated 2846F8E841F44724619BCD3FFD3274CC {
   "childNodeCount": 8,
   "nodeId": 5
}
[1777365993.266][DEBUG]: DevTools WebSocket Command: Runtime.evaluate (id=22) 2846F8E841F44724619BCD3FFD3274CC {
   "expression": "1"
}
[1777365993.268][DEBUG]: DevTools WebSocket Event: DOM.documentUpdated 2846F8E841F44724619BCD3FFD3274CC {

}
[1777365993.268][DEBUG]: DevTools WebSocket Command: DOM.getDocument (id=23) 2846F8E841F44724619BCD3FFD3274CC {

}
[1777365993.269][DEBUG]: DevTools WebSocket Event: Page.domContentEventFired 2846F8E841F44724619BCD3FFD3274CC {
   "timestamp": 8122.36982
}
[1777365993.297][DEBUG]: DevTools WebSocket Response: Runtime.evaluate (id=22) 2846F8E841F44724619BCD3FFD3274CC {
   "result": {
      "description": "1",
      "type": "number",
      "value": 1
   }
}
[1777365993.297][DEBUG]: DevTools WebSocket Response: DOM.getDocument (id=23) 2846F8E841F44724619BCD3FFD3274CC {
   "root": {
      "backendNodeId": 1,
      "baseURL": "https://www.google.com/",
      "childNodeCount": 2,
      "children": [ {
         "backendNodeId": 8,
         "localName": "",
         "nodeId": 7,
         "nodeName": "html",
         "nodeType": 10,
         "nodeValue": "",
         "parentId": 6,
         "publicId": "",
         "systemId": ""
      }, {
         "attributes": [ "itemscope", "", "itemtype", "http://schema.org/WebPage", "lang", "en-IN" ],
         "backendNodeId": 9,
         "childNodeCount": 2,
         "children": [ {
            "attributes": [  ],
            "backendNodeId": 10,
            "childNodeCount": 9,
            "localName": "head",
            "nodeId": 9,
            "nodeName": "HEAD",
            "nodeType": 1,
            "nodeValue": "",
            "parentId": 8
         }, {
            "attributes": [ "bgcolor", "#fff" ],
            "backendNodeId": 11,
            "childNodeCount": 8,
            "localName": "body",
            "nodeId": 10,
            "nodeName": "BODY",
            "nodeType": 1,
            "nodeValue": "",
            "parentId": 8
         } ],
         "frameId": "2846F8E841F44724619BCD3FFD3274CC",
         "localName": "html",
         "nodeId": 8,
         "nodeName": "HTML",
         "nodeType": 1,
         "nodeValue": "",
         "parentId": 6
      } ],
      "documentURL": "https://www.google.com/",
      "localName": "",
      "nodeId": 6,
      "nodeName": "#document",
      "nodeType": 9,
      "nodeValue": "",
      "xmlVersion": ""
   }
}
[1777365993.298][DEBUG]: DevTools WebSocket Command: Runtime.evaluate (id=24) 2846F8E841F44724619BCD3FFD3274CC {
   "expression": "1"
}
[1777365993.319][DEBUG]: DevTools WebSocket Response: Runtime.evaluate (id=24) 2846F8E841F44724619BCD3FFD3274CC {
   "result": {
      "description": "1",
      "type": "number",
      "value": 1
   }
}
[1777365993.379][DEBUG]: DevTools WebSocket Event: DOM.childNodeCountUpdated 2846F8E841F44724619BCD3FFD3274CC {
   "childNodeCount": 9,
   "nodeId": 10
}
[1777365993.379][DEBUG]: DevTools WebSocket Event: DOM.childNodeCountUpdated 2846F8E841F44724619BCD3FFD3274CC {
   "childNodeCount": 8,
   "nodeId": 10
}
[1777365993.379][DEBUG]: DevTools WebSocket Command: Runtime.evaluate (id=25) 2846F8E841F44724619BCD3FFD3274CC {
   "expression": "1"
}
[1777365993.379][DEBUG]: DevTools WebSocket Event: DOM.childNodeCountUpdated 2846F8E841F44724619BCD3FFD3274CC {
   "childNodeCount": 9,
   "nodeId": 10
}
[1777365993.390][DEBUG]: DevTools WebSocket Response: Runtime.evaluate (id=25) 2846F8E841F44724619BCD3FFD3274CC {
   "result": {
      "description": "1",
      "type": "number",
      "value": 1
   }
}
[1777365993.454][DEBUG]: DevTools WebSocket Event: DOM.childNodeCountUpdated 2846F8E841F44724619BCD3FFD3274CC {
   "childNodeCount": 10,
   "nodeId": 9
}
[1777365993.454][DEBUG]: DevTools WebSocket Command: Runtime.evaluate (id=26) 2846F8E841F44724619BCD3FFD3274CC {
   "expression": "1"
}
[1777365993.455][DEBUG]: DevTools WebSocket Event: DOM.childNodeCountUpdated 2846F8E841F44724619BCD3FFD3274CC {
   "childNodeCount": 10,
   "nodeId": 10
}
[1777365993.465][DEBUG]: DevTools WebSocket Response: Runtime.evaluate (id=26) 2846F8E841F44724619BCD3FFD3274CC {
   "result": {
      "description": "1",
      "type": "number",
      "value": 1
   }
}
[1777365993.478][DEBUG]: DevTools WebSocket Event: Page.loadEventFired 2846F8E841F44724619BCD3FFD3274CC {
   "timestamp": 8122.577754
}
[1777365993.478][DEBUG]: DevTools WebSocket Command: Runtime.evaluate (id=27) 2846F8E841F44724619BCD3FFD3274CC {
   "awaitPromise": false,
   "expression": "document.readyState",
   "returnByValue": true
}
[1777365993.479][DEBUG]: DevTools WebSocket Event: Page.frameStoppedLoading 2846F8E841F44724619BCD3FFD3274CC {
   "frameId": "2846F8E841F44724619BCD3FFD3274CC"
}
[1777365993.483][DEBUG]: DevTools WebSocket Response: Runtime.evaluate (id=27) 2846F8E841F44724619BCD3FFD3274CC {
   "result": {
      "type": "string",
      "value": "complete"
   }
}
[1777365993.483][DEBUG]: DevTools WebSocket Command: Runtime.evaluate (id=28) 2846F8E841F44724619BCD3FFD3274CC {
   "expression": "1"
}
[1777365993.485][DEBUG]: DevTools WebSocket Response: Runtime.evaluate (id=28) 2846F8E841F44724619BCD3FFD3274CC {
   "result": {
      "description": "1",
      "type": "number",
      "value": 1
   }
}
[1777365993.485][INFO]: Done waiting for pending navigations. Status: ok
[1777365993.485][INFO]: [1f06e95b50b89884cf09928311c93952] RESPONSE Navigate
[1777365993.521][INFO]: [1f06e95b50b89884cf09928311c93952] COMMAND Navigate {
   "url": "https://www.amazon.in/"
}
[1777365993.521][INFO]: Waiting for pending navigations...
[1777365993.521][DEBUG]: DevTools WebSocket Command: Runtime.evaluate (id=29) 2846F8E841F44724619BCD3FFD3274CC {
   "expression": "1"
}
[1777365993.521][DEBUG]: DevTools WebSocket Response: Runtime.evaluate (id=29) 2846F8E841F44724619BCD3FFD3274CC {
   "result": {
      "description": "1",
      "type": "number",
      "value": 1
   }
}
[1777365993.521][INFO]: Done waiting for pending navigations. Status: ok
[1777365993.521][DEBUG]: DevTools WebSocket Command: Page.navigate (id=30) 2846F8E841F44724619BCD3FFD3274CC {
   "url": "https://www.amazon.in/"
}
[1777365993.662][DEBUG]: DevTools WebSocket Event: Log.entryAdded 2846F8E841F44724619BCD3FFD3274CC {
   "entry": {
      "level": "error",
      "networkRequestId": "488.9",
      "source": "network",
      "text": "Failed to load resource: the server responded with a status of 503 ()",
      "timestamp": 1.777365993658973e+12,
      "url": "https://ogads-pa.clients6.google.com/$rpc/google.internal.onegoogle.asyncdata.v1.AsyncDataService/GetAsyncData"
   }
}
[1777365993.788][DEBUG]: DevTools WebSocket Response: Page.navigate (id=30) 2846F8E841F44724619BCD3FFD3274CC {
   "frameId": "2846F8E841F44724619BCD3FFD3274CC",
   "loaderId": "8785B641DAFA472B213422888F53FBD4"
}
[1777365993.788][DEBUG]: DevTools WebSocket Command: Runtime.evaluate (id=31) 2846F8E841F44724619BCD3FFD3274CC {
   "expression": "document.URL"
}
[1777365993.792][DEBUG]: DevTools WebSocket Event: Runtime.executionContextsCleared 2846F8E841F44724619BCD3FFD3274CC {

}
[1777365993.793][DEBUG]: DevTools WebSocket Event: Page.frameStartedLoading 2846F8E841F44724619BCD3FFD3274CC {
   "frameId": "2846F8E841F44724619BCD3FFD3274CC"
}
[1777365993.812][DEBUG]: DevTools WebSocket Event: Runtime.executionContextsCleared 2846F8E841F44724619BCD3FFD3274CC {

}
[1777365993.812][DEBUG]: DevTools WebSocket Event: Page.frameNavigated 2846F8E841F44724619BCD3FFD3274CC {
   "frame": {
      "adFrameType": "none",
      "crossOriginIsolatedContextType": "NotIsolated",
      "domainAndRegistry": "amazon.in",
      "gatedAPIFeatures": [ "SharedArrayBuffersTransferAllowed" ],
      "id": "2846F8E841F44724619BCD3FFD3274CC",
      "loaderId": "8785B641DAFA472B213422888F53FBD4",
      "mimeType": "text/html",
      "secureContextType": "Secure",
      "securityOrigin": "https://www.amazon.in",
      "url": "https://www.amazon.in/"
   }
}
[1777365993.813][DEBUG]: DevTools WebSocket Event: Runtime.executionContextCreated 2846F8E841F44724619BCD3FFD3274CC {
   "context": {
      "auxData": {
         "frameId": "2846F8E841F44724619BCD3FFD3274CC",
         "isDefault": true,
         "type": "default"
      },
      "id": 1,
      "name": "",
      "origin": "https://www.amazon.in",
      "uniqueId": "-5929593767578624701.4702632141315415120"
   }
}
[1777365993.813][DEBUG]: DevTools WebSocket Event: DOM.documentUpdated 2846F8E841F44724619BCD3FFD3274CC {

}
[1777365993.813][DEBUG]: DevTools WebSocket Command: DOM.getDocument (id=32) 2846F8E841F44724619BCD3FFD3274CC {

}
[1777365993.814][DEBUG]: DevTools WebSocket Response: Runtime.evaluate (id=31) 2846F8E841F44724619BCD3FFD3274CC {
   "result": {
      "type": "string",
      "value": "https://www.amazon.in/"
   }
}
[1777365993.814][INFO]: Waiting for pending navigations...
[1777365993.814][DEBUG]: DevTools WebSocket Command: Runtime.evaluate (id=33) 2846F8E841F44724619BCD3FFD3274CC {
   "expression": "1"
}
[1777365993.827][DEBUG]: DevTools WebSocket Response: DOM.getDocument (id=32) 2846F8E841F44724619BCD3FFD3274CC {
   "root": {
      "backendNodeId": 1,
      "baseURL": "https://www.amazon.in/",
      "childNodeCount": 0,
      "children": [  ],
      "documentURL": "https://www.amazon.in/",
      "localName": "",
      "nodeId": 1,
      "nodeName": "#document",
      "nodeType": 9,
      "nodeValue": "",
      "xmlVersion": ""
   }
}
[1777365993.835][DEBUG]: DevTools WebSocket Event: Page.frameResized 2846F8E841F44724619BCD3FFD3274CC {

}
[1777365993.835][DEBUG]: DevTools WebSocket Response: Runtime.evaluate (id=33) 2846F8E841F44724619BCD3FFD3274CC {
   "result": {
      "description": "1",
      "type": "number",
      "value": 1
   }
}
[1777365993.851][DEBUG]: DevTools WebSocket Event: DOM.childNodeInserted 2846F8E841F44724619BCD3FFD3274CC {
   "node": {
      "backendNodeId": 2,
      "localName": "",
      "nodeId": 2,
      "nodeName": "html",
      "nodeType": 10,
      "nodeValue": "",
      "publicId": "",
      "systemId": ""
   },
   "parentNodeId": 1,
   "previousNodeId": 0
}
[1777365993.851][DEBUG]: DevTools WebSocket Command: Runtime.evaluate (id=34) 2846F8E841F44724619BCD3FFD3274CC {
   "expression": "1"
}
[1777365993.851][DEBUG]: DevTools WebSocket Event: DOM.childNodeInserted 2846F8E841F44724619BCD3FFD3274CC {
   "node": {
      "attributes": [ "lang", "en-in", "class", "a-no-js", "data-19ax5a9jf", "dingo" ],
      "backendNodeId": 3,
      "childNodeCount": 0,
      "frameId": "2846F8E841F44724619BCD3FFD3274CC",
      "localName": "html",
      "nodeId": 3,
      "nodeName": "HTML",
      "nodeType": 1,
      "nodeValue": ""
   },
   "parentNodeId": 1,
   "previousNodeId": 2
}
[1777365993.851][DEBUG]: DevTools WebSocket Event: DOM.childNodeCountUpdated 2846F8E841F44724619BCD3FFD3274CC {
   "childNodeCount": 1,
   "nodeId": 3
}
[1777365993.851][DEBUG]: DevTools WebSocket Event: DOM.childNodeCountUpdated 2846F8E841F44724619BCD3FFD3274CC {
   "childNodeCount": 2,
   "nodeId": 3
}
[1777365993.855][DEBUG]: DevTools WebSocket Response: Runtime.evaluate (id=34) 2846F8E841F44724619BCD3FFD3274CC {
   "result": {
      "description": "1",
      "type": "number",
      "value": 1
   }
}
[1777365993.900][DEBUG]: DevTools WebSocket Event: DOM.attributeModified 2846F8E841F44724619BCD3FFD3274CC {
   "name": "class",
   "nodeId": 3,
   "value": "a-no-js a-ws"
}
[1777365993.901][DEBUG]: DevTools WebSocket Event: DOM.attributeModified 2846F8E841F44724619BCD3FFD3274CC {
   "name": "class",
   "nodeId": 3,
   "value": "a-ws"
}
[1777365993.901][DEBUG]: DevTools WebSocket Event: DOM.attributeModified 2846F8E841F44724619BCD3FFD3274CC {
   "name": "class",
   "nodeId": 3,
   "value": "a-ws a-js"
}
[1777365993.901][DEBUG]: DevTools WebSocket Event: DOM.attributeModified 2846F8E841F44724619BCD3FFD3274CC {
   "name": "class",
   "nodeId": 3,
   "value": "a-ws a-js a-audio a-video a-canvas a-svg a-drag-drop a-geolocation a-history a-webworker a-autofocus a-input-placeholder a-textarea-placeholder a-local-storage a-gradients a-transform3d a-touch-scr..."
}
[1777365993.901][DEBUG]: DevTools WebSocket Event: DOM.attributeModified 2846F8E841F44724619BCD3FFD3274CC {
   "name": "data-aui-build-date",
   "nodeId": 3,
   "value": "3.26.4-2026-04-23"
}
[1777365993.901][DEBUG]: DevTools WebSocket Event: DOM.attributeModified 2846F8E841F44724619BCD3FFD3274CC {
   "name": "class",
   "nodeId": 3,
   "value": "a-ws a-js a-audio a-video a-canvas a-svg a-drag-drop a-geolocation a-history a-webworker a-autofocus a-input-placeholder a-textarea-placeholder a-local-storage a-gradients a-transform3d a-touch-scr..."
}
[1777365993.901][DEBUG]: DevTools WebSocket Command: Runtime.evaluate (id=35) 2846F8E841F44724619BCD3FFD3274CC {
   "expression": "1"
}
[1777365993.905][DEBUG]: DevTools WebSocket Response: Runtime.evaluate (id=35) 2846F8E841F44724619BCD3FFD3274CC {
   "result": {
      "description": "1",
      "type": "number",
      "value": 1
   }
}
[1777365993.947][DEBUG]: DevTools WebSocket Event: DOM.attributeModified 2846F8E841F44724619BCD3FFD3274CC {
   "name": "data-useragent",
   "nodeId": 3,
   "value": "Mozilla/5.0 (X11; Linux x86_64) AppleWebKit/537.36 (KHTML, like Gecko) Chrome/91.0.4472.77 Safari/537.36"
}
[1777365993.947][DEBUG]: DevTools WebSocket Event: DOM.attributeModified 2846F8E841F44724619BCD3FFD3274CC {
   "name": "data-platform",
   "nodeId": 3,
   "value": "Linux x86_64"
}
[1777365993.947][DEBUG]: DevTools WebSocket Command: Runtime.evaluate (id=36) 2846F8E841F44724619BCD3FFD3274CC {
   "expression": "1"
}
[1777365993.947][DEBUG]: DevTools WebSocket Event: DOM.childNodeCountUpdated 2846F8E841F44724619BCD3FFD3274CC {
   "childNodeCount": 3,
   "nodeId": 3
}
[1777365993.947][DEBUG]: DevTools WebSocket Event: DOM.childNodeCountUpdated 2846F8E841F44724619BCD3FFD3274CC {
   "childNodeCount": 4,
   "nodeId": 3
}
[1777365993.947][DEBUG]: DevTools WebSocket Event: DOM.childNodeCountUpdated 2846F8E841F44724619BCD3FFD3274CC {
   "childNodeCount": 5,
   "nodeId": 3
}
[1777365993.977][DEBUG]: DevTools WebSocket Response: Runtime.evaluate (id=36) 2846F8E841F44724619BCD3FFD3274CC {
   "result": {
      "description": "1",
      "type": "number",
      "value": 1
   }
}
[1777365994.048][DEBUG]: DevTools WebSocket Event: DOM.childNodeCountUpdated 2846F8E841F44724619BCD3FFD3274CC {
   "childNodeCount": 6,
   "nodeId": 3
}
[1777365994.048][DEBUG]: DevTools WebSocket Command: Runtime.evaluate (id=37) 2846F8E841F44724619BCD3FFD3274CC {
   "expression": "1"
}
[1777365994.048][DEBUG]: DevTools WebSocket Event: DOM.childNodeCountUpdated 2846F8E841F44724619BCD3FFD3274CC {
   "childNodeCount": 5,
   "nodeId": 3
}
[1777365994.052][DEBUG]: DevTools WebSocket Event: Page.frameResized 2846F8E841F44724619BCD3FFD3274CC {

}
[1777365994.082][DEBUG]: DevTools WebSocket Response: Runtime.evaluate (id=37) 2846F8E841F44724619BCD3FFD3274CC {
   "result": {
      "description": "1",
      "type": "number",
      "value": 1
   }
}
[1777365994.583][DEBUG]: DevTools WebSocket Command: Runtime.evaluate (id=38) 2846F8E841F44724619BCD3FFD3274CC {
   "expression": "1"
}
[1777365994.584][DEBUG]: DevTools WebSocket Response: Runtime.evaluate (id=38) 2846F8E841F44724619BCD3FFD3274CC {
   "result": {
      "description": "1",
      "type": "number",
      "value": 1
   }
}
[1777365995.084][DEBUG]: DevTools WebSocket Command: Runtime.evaluate (id=39) 2846F8E841F44724619BCD3FFD3274CC {
   "expression": "1"
}
[1777365995.144][DEBUG]: DevTools WebSocket Response: Runtime.evaluate (id=39) 2846F8E841F44724619BCD3FFD3274CC {
   "result": {
      "description": "1",
      "type": "number",
      "value": 1
   }
}
[1777365995.646][DEBUG]: DevTools WebSocket Command: Runtime.evaluate (id=40) 2846F8E841F44724619BCD3FFD3274CC {
   "expression": "1"
}
[1777365995.984][DEBUG]: DevTools WebSocket Response: Runtime.evaluate (id=40) 2846F8E841F44724619BCD3FFD3274CC {
   "result": {
      "description": "1",
      "type": "number",
      "value": 1
   }
}
[1777365996.486][DEBUG]: DevTools WebSocket Command: Runtime.evaluate (id=41) 2846F8E841F44724619BCD3FFD3274CC {
   "expression": "1"
}
[1777365996.573][DEBUG]: DevTools WebSocket Response: Runtime.evaluate (id=41) 2846F8E841F44724619BCD3FFD3274CC {
   "result": {
      "description": "1",
      "type": "number",
      "value": 1
   }
}
[1777365997.078][DEBUG]: DevTools WebSocket Command: Runtime.evaluate (id=42) 2846F8E841F44724619BCD3FFD3274CC {
   "expression": "1"
}
[1777365997.240][DEBUG]: DevTools WebSocket Event: DOM.documentUpdated 2846F8E841F44724619BCD3FFD3274CC {

}
[1777365997.240][DEBUG]: DevTools WebSocket Command: DOM.getDocument (id=43) 2846F8E841F44724619BCD3FFD3274CC {

}
[1777365997.240][DEBUG]: DevTools WebSocket Event: Page.domContentEventFired 2846F8E841F44724619BCD3FFD3274CC {
   "timestamp": 8126.342631
}
[1777365997.389][DEBUG]: DevTools WebSocket Event: Log.entryAdded 2846F8E841F44724619BCD3FFD3274CC {
   "entry": {
      "level": "error",
      "lineNumber": 38,
      "source": "security",
      "stackTrace": {
         "callFrames": [ {
            "columnNumber": 31673,
            "functionName": "a",
            "lineNumber": 38,
            "scriptId": "103",
            "url": "https://m.media-amazon.com/images/S/sash/zlzCs87oZmTUMf8.js?name=vendors"
         }, {
            "columnNumber": 265154,
            "functionName": "e.connect",
            "lineNumber": 23,
            "scriptId": "103",
            "url": "https://m.media-amazon.com/images/S/sash/zlzCs87oZmTUMf8.js?name=vendors"
         }, {
            "columnNumber": 261228,
            "functionName": "e.executeOperation",
            "lineNumber": 23,
            "scriptId": "103",
            "url": "https://m.media-amazon.com/images/S/sash/zlzCs87oZmTUMf8.js?name=vendors"
         }, {
            "columnNumber": 259726,
            "functionName": "t.subscribe",
            "lineNumber": 23,
            "scriptId": "103",
            "url": "https://m.media-amazon.com/images/S/sash/zlzCs87oZmTUMf8.js?name=vendors"
         }, {
            "columnNumber": 10365,
            "functionName": "",
            "lineNumber": 89,
            "scriptId": "103",
            "url": "https://m.media-amazon.com/images/S/sash/zlzCs87oZmTUMf8.js?name=vendors"
         }, {
            "columnNumber": 19480,
            "functionName": "e",
            "lineNumber": 0,
            "scriptId": "103",
            "url": "https://m.media-amazon.com/images/S/sash/zlzCs87oZmTUMf8.js?name=vendors"
         }, {
            "columnNumber": 20444,
            "functionName": "value",
            "lineNumber": 0,
            "scriptId": "103",
            "url": "https://m.media-amazon.com/images/S/sash/zlzCs87oZmTUMf8.js?name=vendors"
         }, {
            "columnNumber": 2939,
            "functionName": "",
            "lineNumber": 81,
            "scriptId": "103",
            "url": "https://m.media-amazon.com/images/S/sash/zlzCs87oZmTUMf8.js?name=vendors"
         }, {
            "columnNumber": 2983,
            "functionName": "",
            "lineNumber": 81,
            "scriptId": "103",
            "url": "https://m.media-amazon.com/images/S/sash/zlzCs87oZmTUMf8.js?name=vendors"
         }, {
            "columnNumber": 164188,
            "functionName": "w",
            "lineNumber": 25,
            "scriptId": "103",
            "url": "https://m.media-amazon.com/images/S/sash/zlzCs87oZmTUMf8.js?name=vendors"
         }, {
            "columnNumber": 2458,
            "functionName": "",
            "lineNumber": 81,
            "scriptId": "103",
            "url": "https://m.media-amazon.com/images/S/sash/zlzCs87oZmTUMf8.js?name=vendors"
         }, {
            "columnNumber": 211355,
            "functionName": "P.\u003Ccomputed>",
            "lineNumber": 57,
            "scriptId": "103",
            "url": "https://m.media-amazon.com/images/S/sash/zlzCs87oZmTUMf8.js?name=vendors"
         }, {
            "columnNumber": 215265,
            "functionName": "",
            "lineNumber": 57,
            "scriptId": "103",
            "url": "https://m.media-amazon.com/images/S/sash/zlzCs87oZmTUMf8.js?name=vendors"
         }, {
            "columnNumber": 216195,
            "functionName": "m",
            "lineNumber": 57,
            "scriptId": "103",
            "url": "https://m.media-amazon.com/images/S/sash/zlzCs87oZmTUMf8.js?name=vendors"
         }, {
            "columnNumber": 215721,
            "functionName": "h",
            "lineNumber": 57,
            "scriptId": "103",
            "url": "https://m.media-amazon.com/images/S/sash/zlzCs87oZmTUMf8.js?name=vendors"
         }, {
            "columnNumber": 215978,
            "functionName": "u",
            "lineNumber": 57,
            "scriptId": "103",
            "url": "https://m.media-amazon.com/images/S/sash/zlzCs87oZmTUMf8.js?name=vendors"
         }, {
            "columnNumber": 212699,
            "functionName": "P.\u003Ccomputed>",
            "lineNumber": 57,
            "scriptId": "103",
            "url": "https://m.media-amazon.com/images/S/sash/zlzCs87oZmTUMf8.js?name=vendors"
         }, {
            "columnNumber": 215265,
            "functionName": "",
            "lineNumber": 57,
            "scriptId": "103",
            "url": "https://m.media-amazon.com/images/S/sash/zlzCs87oZmTUMf8.js?name=vendors"
         }, {
            "columnNumber": 216195,
            "functionName": "m",
            "lineNumber": 57,
            "scriptId": "103",
            "url": "https://m.media-amazon.com/images/S/sash/zlzCs87oZmTUMf8.js?name=vendors"
         }, "..." ]
      },
      "text": "[Report Only] Refused to connect to 'wss://p47r3qkl5raepa5flsczs7khqq.appsync-realtime-api.eu-west-1.amazonaws.com/graphql?header=eyJob3N0IjoicDQ3cjNxa2w1cmFlcGE1ZmxzY3pzN2tocXEuYXBwc3luYy1hcGkuZXU...",
      "timestamp": 1.7773659973866611e+12,
      "url": "https://m.media-amazon.com/images/S/sash/zlzCs87oZmTUMf8.js?name=vendors"
   }
}
[1777365997.778][DEBUG]: DevTools WebSocket Response: Runtime.evaluate (id=42) 2846F8E841F44724619BCD3FFD3274CC {
   "result": {
      "description": "1",
      "type": "number",
      "value": 1
   }
}
[1777365997.805][DEBUG]: DevTools WebSocket Response: DOM.getDocument (id=43) 2846F8E841F44724619BCD3FFD3274CC {
   "root": {
      "backendNodeId": 1,
      "baseURL": "https://www.amazon.in/",
      "childNodeCount": 2,
      "children": [ {
         "backendNodeId": 2,
         "localName": "",
         "nodeId": 5,
         "nodeName": "html",
         "nodeType": 10,
         "nodeValue": "",
         "parentId": 4,
         "publicId": "",
         "systemId": ""
      }, {
         "attributes": [ "lang", "en-in", "class", "a-ws a-js a-audio a-video a-canvas a-svg a-drag-drop a-geolocation a-history a-webworker a-autofocus a-input-placeholder a-textarea-placeholder a-local-storage a-gradients a-transform3d a-touch-scr...", "data-19ax5a9jf", "dingo", "data-aui-build-date", "3.26.4-2026-04-23", "data-useragent", "Mozilla/5.0 (X11; Linux x86_64) AppleWebKit/537.36 (KHTML, like Gecko) Chrome/91.0.4472.77 Safari/537.36", "data-platform", "Linux x86_64", "style", "--al-scrollbar-color:#C1C1C1; --al-primary-color:#FFFFFF; --al-highlight-color:#FF6200; --al-text-color:#000000;" ],
         "backendNodeId": 3,
         "childNodeCount": 5,
         "children": [ {
            "backendNodeId": 143,
            "localName": "",
            "nodeId": 7,
            "nodeName": "#comment",
            "nodeType": 8,
            "nodeValue": " sp:feature:head-start ",
            "parentId": 6
         }, {
            "attributes": [  ],
            "backendNodeId": 144,
            "childNodeCount": 72,
            "localName": "head",
            "nodeId": 8,
            "nodeName": "HEAD",
            "nodeType": 1,
            "nodeValue": "",
            "parentId": 6
         }, {
            "backendNodeId": 145,
            "localName": "",
            "nodeId": 9,
            "nodeName": "#comment",
            "nodeType": 8,
            "nodeValue": " sp:end-feature:head-close ",
            "parentId": 6
         }, {
            "backendNodeId": 146,
            "localName": "",
            "nodeId": 10,
            "nodeName": "#comment",
            "nodeType": 8,
            "nodeValue": " sp:feature:start-body ",
            "parentId": 6
         }, {
            "attributes": [ "class", "a-aui_72554-c a-aui_template_weblab_cache_333406-c" ],
            "backendNodeId": 147,
            "childNodeCount": 5,
            "localName": "body",
            "nodeId": 11,
            "nodeName": "BODY",
            "nodeType": 1,
            "nodeValue": "",
            "parentId": 6
         } ],
         "frameId": "2846F8E841F44724619BCD3FFD3274CC",
         "localName": "html",
         "nodeId": 6,
         "nodeName": "HTML",
         "nodeType": 1,
         "nodeValue": "",
         "parentId": 4
      } ],
      "documentURL": "https://www.amazon.in/",
      "localName": "",
      "nodeId": 4,
      "nodeName": "#document",
      "nodeType": 9,
      "nodeValue": "",
      "xmlVersion": ""
   }
}
[1777365997.805][DEBUG]: DevTools WebSocket Command: Runtime.evaluate (id=44) 2846F8E841F44724619BCD3FFD3274CC {
   "expression": "1"
}
[1777365998.190][DEBUG]: DevTools WebSocket Event: DOM.attributeModified 2846F8E841F44724619BCD3FFD3274CC {
   "name": "class",
   "nodeId": 11,
   "value": "a-aui_72554-c a-aui_template_weblab_cache_333406-c a-meter-animate"
}
[1777365998.289][DEBUG]: DevTools WebSocket Response: Runtime.evaluate (id=44) 2846F8E841F44724619BCD3FFD3274CC {
   "result": {
      "description": "1",
      "type": "number",
      "value": 1
   }
}
[1777365998.471][DEBUG]: DevTools WebSocket Event: DOM.childNodeCountUpdated 2846F8E841F44724619BCD3FFD3274CC {
   "childNodeCount": 4,
   "nodeId": 11
}
[1777365998.471][DEBUG]: DevTools WebSocket Command: Runtime.evaluate (id=45) 2846F8E841F44724619BCD3FFD3274CC {
   "expression": "1"
}
[1777365998.472][DEBUG]: DevTools WebSocket Event: Target.attachedToTarget 2846F8E841F44724619BCD3FFD3274CC {
   "sessionId": "626B02BEAD94DC712AA56D513ED75174",
   "targetInfo": {
      "attached": true,
      "browserContextId": "8ACEE6B50745CF4CEAB1DDFBC17555D7",
      "canAccessOpener": false,
      "targetId": "29261E583A5203EFD3E8A685CAF45625",
      "title": "blob:https://www.amazon.in/5cf777aa-9c89-4747-a4b6-b98719ebfa3b",
      "type": "worker",
      "url": "blob:https://www.amazon.in/5cf777aa-9c89-4747-a4b6-b98719ebfa3b"
   },
   "waitingForDebugger": false
}
[1777365998.473][DEBUG]: DevTools WebSocket Event: Runtime.consoleAPICalled 2846F8E841F44724619BCD3FFD3274CC {
   "args": [ {
      "type": "string",
      "value": "Request build time = 0, fetch time = 1150"
   } ],
   "executionContextId": 1,
   "stackTrace": {
      "callFrames": [ {
         "columnNumber": 138146,
         "functionName": "",
         "lineNumber": 0,
         "scriptId": "107",
         "url": "https://m.media-amazon.com/images/S/sash/cHo58NGi2QCQfS6.js?name=app"
      }, {
         "columnNumber": 137655,
         "functionName": "i",
         "lineNumber": 0,
         "scriptId": "107",
         "url": "https://m.media-amazon.com/images/S/sash/cHo58NGi2QCQfS6.js?name=app"
      } ]
   },
   "timestamp": 1.7773659984726528e+12,
   "type": "debug"
}
[1777365998.530][DEBUG]: DevTools WebSocket Event: DOM.childNodeCountUpdated 2846F8E841F44724619BCD3FFD3274CC {
   "childNodeCount": 73,
   "nodeId": 8
}
[1777365998.530][DEBUG]: DevTools WebSocket Event: DOM.childNodeCountUpdated 2846F8E841F44724619BCD3FFD3274CC {
   "childNodeCount": 5,
   "nodeId": 11
}
[1777365998.530][DEBUG]: DevTools WebSocket Event: DOM.childNodeCountUpdated 2846F8E841F44724619BCD3FFD3274CC {
   "childNodeCount": 4,
   "nodeId": 11
}
[1777365998.530][DEBUG]: DevTools WebSocket Event: DOM.childNodeCountUpdated 2846F8E841F44724619BCD3FFD3274CC {
   "childNodeCount": 5,
   "nodeId": 11
}
[1777365998.530][DEBUG]: DevTools WebSocket Event: DOM.childNodeCountUpdated 2846F8E841F44724619BCD3FFD3274CC {
   "childNodeCount": 4,
   "nodeId": 11
}
[1777365998.831][DEBUG]: DevTools WebSocket Response: Runtime.evaluate (id=45) 2846F8E841F44724619BCD3FFD3274CC {
   "result": {
      "description": "1",
      "type": "number",
      "value": 1
   }
}
[1777365999.331][DEBUG]: DevTools WebSocket Command: Runtime.evaluate (id=46) 2846F8E841F44724619BCD3FFD3274CC {
   "expression": "1"
}
[1777366000.715][DEBUG]: DevTools WebSocket Response: Runtime.evaluate (id=46) 2846F8E841F44724619BCD3FFD3274CC {
   "result": {
      "description": "1",
      "type": "number",
      "value": 1
   }
}
[1777366000.717][DEBUG]: DevTools WebSocket Event: Log.entryAdded 2846F8E841F44724619BCD3FFD3274CC {
   "entry": {
      "level": "info",
      "lineNumber": 1,
      "source": "worker",
      "stackTrace": {
         "callFrames": [ {
            "columnNumber": 23001,
            "functionName": "t._emscripten_log_js",
            "lineNumber": 1,
            "scriptId": "4",
            "url": "https://player.live-video.net/1.19.0/amazon-ivs-wasmworker.min.js"
         } ]
      },
      "text": "Amazon IVS Player SDK 1.19.0",
      "timestamp": 1.777366000715967e+12,
      "url": "https://player.live-video.net/1.19.0/amazon-ivs-wasmworker.min.js",
      "workerId": "29261E583A5203EFD3E8A685CAF45625"
   }
}
[1777366000.717][DEBUG]: DevTools WebSocket Command: Runtime.evaluate (id=47) 2846F8E841F44724619BCD3FFD3274CC {
   "expression": "1"
}
[1777366001.015][DEBUG]: DevTools WebSocket Response: Runtime.evaluate (id=47) 2846F8E841F44724619BCD3FFD3274CC {
   "result": {
      "description": "1",
      "type": "number",
      "value": 1
   }
}
[1777366001.301][DEBUG]: DevTools WebSocket Event: DOM.childNodeCountUpdated 2846F8E841F44724619BCD3FFD3274CC {
   "childNodeCount": 74,
   "nodeId": 8
}
[1777366001.301][DEBUG]: DevTools WebSocket Command: Runtime.evaluate (id=48) 2846F8E841F44724619BCD3FFD3274CC {
   "expression": "1"
}
[1777366001.301][DEBUG]: DevTools WebSocket Event: DOM.childNodeCountUpdated 2846F8E841F44724619BCD3FFD3274CC {
   "childNodeCount": 75,
   "nodeId": 8
}
[1777366001.302][DEBUG]: DevTools WebSocket Event: Log.entryAdded 2846F8E841F44724619BCD3FFD3274CC {
   "entry": {
      "level": "warning",
      "lineNumber": 3779,
      "source": "deprecation",
      "stackTrace": {
         "callFrames": [ {
            "columnNumber": 2048,
            "functionName": "",
            "lineNumber": 3779,
            "scriptId": "143",
            "url": "https://www.amazon.in/"
         }, {
            "columnNumber": 3502,
            "functionName": "h",
            "lineNumber": 3779,
            "scriptId": "143",
            "url": "https://www.amazon.in/"
         }, {
            "columnNumber": 2276,
            "functionName": "e",
            "lineNumber": 3779,
            "scriptId": "143",
            "url": "https://www.amazon.in/"
         }, {
            "columnNumber": 3468,
            "functionName": "h",
            "lineNumber": 3779,
            "scriptId": "143",
            "url": "https://www.amazon.in/"
         }, {
            "columnNumber": 2269,
            "functionName": "e",
            "lineNumber": 3779,
            "scriptId": "143",
            "url": "https://www.amazon.in/"
         }, {
            "columnNumber": 2215,
            "functionName": "f",
            "lineNumber": 3779,
            "scriptId": "143",
            "url": "https://www.amazon.in/"
         }, {
            "columnNumber": 3653,
            "functionName": "",
            "lineNumber": 3779,
            "scriptId": "143",
            "url": "https://www.amazon.in/"
         }, {
            "columnNumber": 4148,
            "functionName": "",
            "lineNumber": 3779,
            "scriptId": "143",
            "url": "https://www.amazon.in/"
         }, {
            "columnNumber": 327,
            "functionName": "",
            "lineNumber": 3780,
            "scriptId": "143",
            "url": "https://www.amazon.in/"
         }, {
            "columnNumber": 3356,
            "functionName": "y",
            "lineNumber": 3779,
            "scriptId": "143",
            "url": "https://www.amazon.in/"
         }, {
            "columnNumber": 2690,
            "functionName": "",
            "lineNumber": 3779,
            "scriptId": "143",
            "url": "https://www.amazon.in/"
         }, {
            "columnNumber": 2303,
            "functionName": "e",
            "lineNumber": 3779,
            "scriptId": "143",
            "url": "https://www.amazon.in/"
         }, {
            "columnNumber": 2215,
            "functionName": "f",
            "lineNumber": 3779,
            "scriptId": "143",
            "url": "https://www.amazon.in/"
         }, {
            "columnNumber": 3653,
            "functionName": "",
            "lineNumber": 3779,
            "scriptId": "143",
            "url": "https://www.amazon.in/"
         }, {
            "columnNumber": 4148,
            "functionName": "",
            "lineNumber": 3779,
            "scriptId": "143",
            "url": "https://www.amazon.in/"
         }, {
            "columnNumber": 327,
            "functionName": "",
            "lineNumber": 3780,
            "scriptId": "143",
            "url": "https://www.amazon.in/"
         }, {
            "columnNumber": 3356,
            "functionName": "y",
            "lineNumber": 3779,
            "scriptId": "143",
            "url": "https://www.amazon.in/"
         }, {
            "columnNumber": 2690,
            "functionName": "",
            "lineNumber": 3779,
            "scriptId": "143",
            "url": "https://www.amazon.in/"
         }, {
            "columnNumber": 2303,
            "functionName": "e",
            "lineNumber": 3779,
            "scriptId": "143",
            "url": "https://www.amazon.in/"
         }, "..." ]
      },
      "text": "'window.webkitStorageInfo' is deprecated. Please use 'navigator.webkitTemporaryStorage' or 'navigator.webkitPersistentStorage' instead.",
      "timestamp": 1.777366001300134e+12,
      "url": "https://www.amazon.in/"
   }
}
[1777366001.394][DEBUG]: DevTools WebSocket Event: Page.loadEventFired 2846F8E841F44724619BCD3FFD3274CC {
   "timestamp": 8130.484286
}
[1777366001.394][DEBUG]: DevTools WebSocket Command: Runtime.evaluate (id=49) 2846F8E841F44724619BCD3FFD3274CC {
   "awaitPromise": false,
   "expression": "document.readyState",
   "returnByValue": true
}
[1777366001.396][DEBUG]: DevTools WebSocket Event: Page.frameStoppedLoading 2846F8E841F44724619BCD3FFD3274CC {
   "frameId": "2846F8E841F44724619BCD3FFD3274CC"
}
[1777366001.502][DEBUG]: DevTools WebSocket Response: Runtime.evaluate (id=48) 2846F8E841F44724619BCD3FFD3274CC {
   "result": {
      "description": "1",
      "type": "number",
      "value": 1
   }
}
[1777366001.512][DEBUG]: DevTools WebSocket Response: Runtime.evaluate (id=49) 2846F8E841F44724619BCD3FFD3274CC {
   "result": {
      "type": "string",
      "value": "complete"
   }
}
[1777366001.512][INFO]: Done waiting for pending navigations. Status: ok
[1777366001.512][INFO]: [1f06e95b50b89884cf09928311c93952] RESPONSE Navigate
[1777366001.542][INFO]: [1f06e95b50b89884cf09928311c93952] COMMAND GetUrl {

}
[1777366001.542][DEBUG]: DevTools WebSocket Event: Target.attachedToTarget 2846F8E841F44724619BCD3FFD3274CC {
   "sessionId": "D0A413B6A168F467A733B1356F48E0AA",
   "targetInfo": {
      "attached": true,
      "browserContextId": "8ACEE6B50745CF4CEAB1DDFBC17555D7",
      "canAccessOpener": false,
      "targetId": "31F3BEA803EF2270EB61F307F4983B0B",
      "title": "Service Worker https://www.amazon.in/service-worker.js",
      "type": "service_worker",
      "url": "https://www.amazon.in/service-worker.js"
   },
   "waitingForDebugger": false
}
[1777366001.542][INFO]: Waiting for pending navigations...
[1777366001.542][DEBUG]: DevTools WebSocket Command: Runtime.evaluate (id=50) 2846F8E841F44724619BCD3FFD3274CC {
   "expression": "1"
}
[1777366001.768][DEBUG]: DevTools WebSocket Response: Runtime.evaluate (id=50) 2846F8E841F44724619BCD3FFD3274CC {
   "result": {
      "description": "1",
      "type": "number",
      "value": 1
   }
}
[1777366001.768][INFO]: Done waiting for pending navigations. Status: ok
[1777366001.769][DEBUG]: DevTools WebSocket Command: Runtime.evaluate (id=51) 2846F8E841F44724619BCD3FFD3274CC {
   "awaitPromise": true,
   "expression": "(function() { // Copyright (c) 2012 The Chromium Authors. All rights reserved.\n// Use of this source code is governed by a BSD-style license that can be\n// found in the LICENSE file.\n\n/**\n * Enum f...",
   "returnByValue": true
}
[1777366001.802][DEBUG]: DevTools WebSocket Event: Page.frameAttached 2846F8E841F44724619BCD3FFD3274CC {
   "frameId": "AB8EF764A3B4BD2D76AD260962F4C5F9",
   "parentFrameId": "2846F8E841F44724619BCD3FFD3274CC",
   "stack": {
      "callFrames": [ {
         "columnNumber": 344,
         "functionName": "",
         "lineNumber": 3557,
         "scriptId": "137",
         "url": "https://www.amazon.in/"
      } ]
   }
}
[1777366001.811][DEBUG]: DevTools WebSocket Event: Page.frameStartedLoading 2846F8E841F44724619BCD3FFD3274CC {
   "frameId": "AB8EF764A3B4BD2D76AD260962F4C5F9"
}
[1777366001.909][DEBUG]: DevTools WebSocket Response: Runtime.evaluate (id=51) 2846F8E841F44724619BCD3FFD3274CC {
   "result": {
      "type": "object",
      "value": {
         "status": 0,
         "value": "https://www.amazon.in/"
      }
   }
}
[1777366001.909][INFO]: Waiting for pending navigations...
[1777366001.910][DEBUG]: DevTools WebSocket Command: Runtime.evaluate (id=52) 2846F8E841F44724619BCD3FFD3274CC {
   "expression": "1"
}
[1777366002.374][DEBUG]: DevTools WebSocket Response: Runtime.evaluate (id=52) 2846F8E841F44724619BCD3FFD3274CC {
   "result": {
      "description": "1",
      "type": "number",
      "value": 1
   }
}
[1777366002.374][INFO]: Done waiting for pending navigations. Status: ok
[1777366002.374][INFO]: [1f06e95b50b89884cf09928311c93952] RESPONSE GetUrl "https://www.amazon.in/"
[1777366002.408][INFO]: [1f06e95b50b89884cf09928311c93952] COMMAND Navigate {
   "url": "https://www.amazon.in/"
}
[1777366002.408][INFO]: Waiting for pending navigations...
[1777366002.408][DEBUG]: DevTools WebSocket Command: Runtime.evaluate (id=53) 2846F8E841F44724619BCD3FFD3274CC {
   "expression": "1"
}
[1777366002.509][DEBUG]: DevTools WebSocket Response: Runtime.evaluate (id=53) 2846F8E841F44724619BCD3FFD3274CC {
   "result": {
      "description": "1",
      "type": "number",
      "value": 1
   }
}
[1777366002.509][INFO]: Done waiting for pending navigations. Status: ok
[1777366002.509][DEBUG]: DevTools WebSocket Command: Page.navigate (id=54) 2846F8E841F44724619BCD3FFD3274CC {
   "url": "https://www.amazon.in/"
}
[1777366002.657][DEBUG]: DevTools WebSocket Event: Target.attachedToTarget 2846F8E841F44724619BCD3FFD3274CC {
   "sessionId": "EBFC2266BBC1B5CF2F014CC108221A1C",
   "targetInfo": {
      "attached": true,
      "browserContextId": "8ACEE6B50745CF4CEAB1DDFBC17555D7",
      "canAccessOpener": false,
      "targetId": "AB8EF764A3B4BD2D76AD260962F4C5F9",
      "title": "",
      "type": "iframe",
      "url": ""
   },
   "waitingForDebugger": false
}
[1777366002.657][DEBUG]: DevTools WebSocket Command: Page.addScriptToEvaluateOnNewDocument (id=1) EBFC2266BBC1B5CF2F014CC108221A1C {
   "source": "(function () {window.cdc_adoQpoasnfa76pfcZLmcfl_Array = window.Array;window.cdc_adoQpoasnfa76pfcZLmcfl_Promise = window.Promise;window.cdc_adoQpoasnfa76pfcZLmcfl_Symbol = window.Symbol;}) ();"
}
[1777366002.657][DEBUG]: DevTools WebSocket Command: Runtime.evaluate (id=2) EBFC2266BBC1B5CF2F014CC108221A1C {
   "expression": "(function () {window.cdc_adoQpoasnfa76pfcZLmcfl_Array = window.Array;window.cdc_adoQpoasnfa76pfcZLmcfl_Promise = window.Promise;window.cdc_adoQpoasnfa76pfcZLmcfl_Symbol = window.Symbol;}) ();"
}
[1777366002.657][DEBUG]: DevTools WebSocket Command: DOM.getDocument (id=3) EBFC2266BBC1B5CF2F014CC108221A1C {

}
[1777366002.657][DEBUG]: DevTools WebSocket Command: Target.setAutoAttach (id=4) EBFC2266BBC1B5CF2F014CC108221A1C {
   "autoAttach": true,
   "flatten": true,
   "waitForDebuggerOnStart": false
}
[1777366002.657][DEBUG]: DevTools WebSocket Command: Page.enable (id=5) EBFC2266BBC1B5CF2F014CC108221A1C {

}
[1777366002.657][DEBUG]: DevTools WebSocket Command: Page.enable (id=55) 2846F8E841F44724619BCD3FFD3274CC {

}
[1777366002.699][DEBUG]: DevTools WebSocket Response: Page.addScriptToEvaluateOnNewDocument (id=1) EBFC2266BBC1B5CF2F014CC108221A1C {
   "identifier": "1"
}
[1777366002.699][DEBUG]: DevTools WebSocket Response: Runtime.evaluate (id=2) EBFC2266BBC1B5CF2F014CC108221A1C {
   "result": {
      "type": "undefined"
   }
}
[1777366002.699][DEBUG]: DevTools WebSocket Response: DOM.getDocument (id=3) EBFC2266BBC1B5CF2F014CC108221A1C {
   "root": {
      "backendNodeId": 1,
      "baseURL": "https://aax-eu.amazon-adsystem.com/s/iu3?d=amazon.in&slot=navFooter&a2=010172f5953ca571f44b6ab38d37f0c6ebd6bf5442b9bd58c59b2484a4e2dc59db72&old_oo=0&ts=1777365994579&s=AWAONKvjs9xKsK8h7HhSW-5F_3RCt...",
      "childNodeCount": 1,
      "children": [ {
         "attributes": [  ],
         "backendNodeId": 2,
         "childNodeCount": 2,
         "children": [ {
            "attributes": [  ],
            "backendNodeId": 3,
            "childNodeCount": 0,
            "localName": "head",
            "nodeId": 3,
            "nodeName": "HEAD",
            "nodeType": 1,
            "nodeValue": "",
            "parentId": 2
         }, {
            "attributes": [ "style", "background-color:transparent", "marginwidth", "0", "marginheight", "0" ],
            "backendNodeId": 4,
            "childNodeCount": 1,
            "localName": "body",
            "nodeId": 4,
            "nodeName": "BODY",
            "nodeType": 1,
            "nodeValue": "",
            "parentId": 2
         } ],
         "frameId": "AB8EF764A3B4BD2D76AD260962F4C5F9",
         "localName": "html",
         "nodeId": 2,
         "nodeName": "HTML",
         "nodeType": 1,
         "nodeValue": "",
         "parentId": 1
      } ],
      "documentURL": "https://aax-eu.amazon-adsystem.com/s/iu3?d=amazon.in&slot=navFooter&a2=010172f5953ca571f44b6ab38d37f0c6ebd6bf5442b9bd58c59b2484a4e2dc59db72&old_oo=0&ts=1777365994579&s=AWAONKvjs9xKsK8h7HhSW-5F_3RCt...",
      "localName": "",
      "nodeId": 1,
      "nodeName": "#document",
      "nodeType": 9,
      "nodeValue": "",
      "xmlVersion": ""
   }
}
[1777366002.702][DEBUG]: DevTools WebSocket Response: Target.setAutoAttach (id=4) EBFC2266BBC1B5CF2F014CC108221A1C {

}
[1777366002.702][DEBUG]: DevTools WebSocket Response: Page.enable (id=5) EBFC2266BBC1B5CF2F014CC108221A1C {

}
[1777366002.719][DEBUG]: DevTools WebSocket Event: Page.frameStoppedLoading 2846F8E841F44724619BCD3FFD3274CC {
   "frameId": "AB8EF764A3B4BD2D76AD260962F4C5F9"
}
[1777366002.720][DEBUG]: DevTools WebSocket Event: DOM.documentUpdated EBFC2266BBC1B5CF2F014CC108221A1C {

}
[1777366002.720][DEBUG]: DevTools WebSocket Command: DOM.getDocument (id=6) EBFC2266BBC1B5CF2F014CC108221A1C {

}
[1777366002.720][DEBUG]: DevTools WebSocket Event: Page.domContentEventFired EBFC2266BBC1B5CF2F014CC108221A1C {
   "timestamp": 8131.821283
}
[1777366002.721][DEBUG]: DevTools WebSocket Event: Page.frameDetached 2846F8E841F44724619BCD3FFD3274CC {
   "frameId": "AB8EF764A3B4BD2D76AD260962F4C5F9",
   "reason": "swap"
}
[1777366002.722][DEBUG]: DevTools WebSocket Response: DOM.getDocument (id=6) EBFC2266BBC1B5CF2F014CC108221A1C {
   "root": {
      "backendNodeId": 1,
      "baseURL": "https://aax-eu.amazon-adsystem.com/s/iu3?d=amazon.in&slot=navFooter&a2=010172f5953ca571f44b6ab38d37f0c6ebd6bf5442b9bd58c59b2484a4e2dc59db72&old_oo=0&ts=1777365994579&s=AWAONKvjs9xKsK8h7HhSW-5F_3RCt...",
      "childNodeCount": 1,
      "children": [ {
         "attributes": [  ],
         "backendNodeId": 2,
         "childNodeCount": 2,
         "children": [ {
            "attributes": [  ],
            "backendNodeId": 3,
            "childNodeCount": 0,
            "localName": "head",
            "nodeId": 7,
            "nodeName": "HEAD",
            "nodeType": 1,
            "nodeValue": "",
            "parentId": 6
         }, {
            "attributes": [ "style", "background-color:transparent", "marginwidth", "0", "marginheight", "0" ],
            "backendNodeId": 4,
            "childNodeCount": 1,
            "localName": "body",
            "nodeId": 8,
            "nodeName": "BODY",
            "nodeType": 1,
            "nodeValue": "",
            "parentId": 6
         } ],
         "frameId": "AB8EF764A3B4BD2D76AD260962F4C5F9",
         "localName": "html",
         "nodeId": 6,
         "nodeName": "HTML",
         "nodeType": 1,
         "nodeValue": "",
         "parentId": 5
      } ],
      "documentURL": "https://aax-eu.amazon-adsystem.com/s/iu3?d=amazon.in&slot=navFooter&a2=010172f5953ca571f44b6ab38d37f0c6ebd6bf5442b9bd58c59b2484a4e2dc59db72&old_oo=0&ts=1777365994579&s=AWAONKvjs9xKsK8h7HhSW-5F_3RCt...",
      "localName": "",
      "nodeId": 5,
      "nodeName": "#document",
      "nodeType": 9,
      "nodeValue": "",
      "xmlVersion": ""
   }
}
[1777366002.766][DEBUG]: DevTools WebSocket Response: Page.navigate (id=54) 2846F8E841F44724619BCD3FFD3274CC {
   "frameId": "2846F8E841F44724619BCD3FFD3274CC",
   "loaderId": "703E87572AA4AB303D9B3D06E6B775ED"
}
[1777366002.766][DEBUG]: DevTools WebSocket Command: Runtime.evaluate (id=56) 2846F8E841F44724619BCD3FFD3274CC {
   "expression": "document.URL"
}
[1777366002.766][DEBUG]: DevTools WebSocket Event: Target.detachedFromTarget 2846F8E841F44724619BCD3FFD3274CC {
   "sessionId": "626B02BEAD94DC712AA56D513ED75174",
   "targetId": "29261E583A5203EFD3E8A685CAF45625"
}
[1777366002.781][DEBUG]: DevTools WebSocket Event: Page.frameStartedLoading 2846F8E841F44724619BCD3FFD3274CC {
   "frameId": "2846F8E841F44724619BCD3FFD3274CC"
}
[1777366002.795][DEBUG]: DevTools WebSocket Event: Target.detachedFromTarget 2846F8E841F44724619BCD3FFD3274CC {
   "sessionId": "EBFC2266BBC1B5CF2F014CC108221A1C",
   "targetId": "AB8EF764A3B4BD2D76AD260962F4C5F9"
}
[1777366002.845][DEBUG]: DevTools WebSocket Event: Runtime.executionContextsCleared 2846F8E841F44724619BCD3FFD3274CC {

}
[1777366002.846][DEBUG]: DevTools WebSocket Event: Page.frameNavigated 2846F8E841F44724619BCD3FFD3274CC {
   "frame": {
      "adFrameType": "none",
      "crossOriginIsolatedContextType": "NotIsolated",
      "domainAndRegistry": "amazon.in",
      "gatedAPIFeatures": [ "SharedArrayBuffersTransferAllowed" ],
      "id": "2846F8E841F44724619BCD3FFD3274CC",
      "loaderId": "703E87572AA4AB303D9B3D06E6B775ED",
      "mimeType": "text/html",
      "secureContextType": "Secure",
      "securityOrigin": "https://www.amazon.in",
      "url": "https://www.amazon.in/"
   }
}
[1777366002.846][DEBUG]: DevTools WebSocket Event: Runtime.executionContextCreated 2846F8E841F44724619BCD3FFD3274CC {
   "context": {
      "auxData": {
         "frameId": "2846F8E841F44724619BCD3FFD3274CC",
         "isDefault": true,
         "type": "default"
      },
      "id": 2,
      "name": "",
      "origin": "https://www.amazon.in",
      "uniqueId": "2938070565181992873.-8104107647667216268"
   }
}
[1777366002.846][DEBUG]: DevTools WebSocket Event: DOM.documentUpdated 2846F8E841F44724619BCD3FFD3274CC {

}
[1777366002.846][DEBUG]: DevTools WebSocket Command: DOM.getDocument (id=57) 2846F8E841F44724619BCD3FFD3274CC {

}
[1777366002.847][DEBUG]: DevTools WebSocket Response: Page.enable (id=55) 2846F8E841F44724619BCD3FFD3274CC {

}
[1777366002.847][DEBUG]: DevTools WebSocket Response: Runtime.evaluate (id=56) 2846F8E841F44724619BCD3FFD3274CC {
   "result": {
      "type": "string",
      "value": "https://www.amazon.in/"
   }
}
[1777366002.847][DEBUG]: DevTools WebSocket Command: Runtime.enable (id=7) EBFC2266BBC1B5CF2F014CC108221A1C {

}
[1777366002.848][INFO]: Waiting for pending navigations...
[1777366002.848][DEBUG]: DevTools WebSocket Command: Runtime.evaluate (id=58) 2846F8E841F44724619BCD3FFD3274CC {
   "expression": "1"
}
[1777366002.863][DEBUG]: DevTools WebSocket Response: DOM.getDocument (id=57) 2846F8E841F44724619BCD3FFD3274CC {
   "root": {
      "backendNodeId": 279,
      "baseURL": "https://www.amazon.in/",
      "childNodeCount": 2,
      "children": [ {
         "backendNodeId": 280,
         "localName": "",
         "nodeId": 13,
         "nodeName": "html",
         "nodeType": 10,
         "nodeValue": "",
         "parentId": 12,
         "publicId": "",
         "systemId": ""
      }, {
         "attributes": [ "lang", "en-in", "class", "a-no-js", "data-19ax5a9jf", "dingo" ],
         "backendNodeId": 281,
         "childNodeCount": 2,
         "children": [ {
            "backendNodeId": 282,
            "localName": "",
            "nodeId": 15,
            "nodeName": "#comment",
            "nodeType": 8,
            "nodeValue": " sp:feature:head-start ",
            "parentId": 14
         }, {
            "attributes": [  ],
            "backendNodeId": 283,
            "childNodeCount": 20,
            "localName": "head",
            "nodeId": 16,
            "nodeName": "HEAD",
            "nodeType": 1,
            "nodeValue": "",
            "parentId": 14
         } ],
         "frameId": "2846F8E841F44724619BCD3FFD3274CC",
         "localName": "html",
         "nodeId": 14,
         "nodeName": "HTML",
         "nodeType": 1,
         "nodeValue": "",
         "parentId": 12
      } ],
      "documentURL": "https://www.amazon.in/",
      "localName": "",
      "nodeId": 12,
      "nodeName": "#document",
      "nodeType": 9,
      "nodeValue": "",
      "xmlVersion": ""
   }
}
[1777366002.867][DEBUG]: DevTools WebSocket Response: Runtime.evaluate (id=58) 2846F8E841F44724619BCD3FFD3274CC {
   "result": {
      "description": "1",
      "type": "number",
      "value": 1
   }
}
[1777366002.897][DEBUG]: DevTools WebSocket Event: DOM.attributeModified 2846F8E841F44724619BCD3FFD3274CC {
   "name": "class",
   "nodeId": 14,
   "value": "a-no-js a-ws"
}
[1777366002.897][DEBUG]: DevTools WebSocket Event: DOM.attributeModified 2846F8E841F44724619BCD3FFD3274CC {
   "name": "class",
   "nodeId": 14,
   "value": "a-ws"
}
[1777366002.897][DEBUG]: DevTools WebSocket Event: DOM.attributeModified 2846F8E841F44724619BCD3FFD3274CC {
   "name": "class",
   "nodeId": 14,
   "value": "a-ws a-js"
}
[1777366002.897][DEBUG]: DevTools WebSocket Event: DOM.attributeModified 2846F8E841F44724619BCD3FFD3274CC {
   "name": "class",
   "nodeId": 14,
   "value": "a-ws a-js a-audio a-video a-canvas a-svg a-drag-drop a-geolocation a-history a-webworker a-autofocus a-input-placeholder a-textarea-placeholder a-local-storage a-gradients a-transform3d a-touch-scr..."
}
[1777366002.897][DEBUG]: DevTools WebSocket Event: DOM.attributeModified 2846F8E841F44724619BCD3FFD3274CC {
   "name": "data-aui-build-date",
   "nodeId": 14,
   "value": "3.26.4-2026-04-23"
}
[1777366002.897][DEBUG]: DevTools WebSocket Event: DOM.attributeModified 2846F8E841F44724619BCD3FFD3274CC {
   "name": "class",
   "nodeId": 14,
   "value": "a-ws a-js a-audio a-video a-canvas a-svg a-drag-drop a-geolocation a-history a-webworker a-autofocus a-input-placeholder a-textarea-placeholder a-local-storage a-gradients a-transform3d a-touch-scr..."
}
[1777366002.897][DEBUG]: DevTools WebSocket Event: DOM.childNodeCountUpdated 2846F8E841F44724619BCD3FFD3274CC {
   "childNodeCount": 21,
   "nodeId": 16
}
[1777366002.897][DEBUG]: DevTools WebSocket Event: DOM.childNodeCountUpdated 2846F8E841F44724619BCD3FFD3274CC {
   "childNodeCount": 22,
   "nodeId": 16
}
[1777366002.897][DEBUG]: DevTools WebSocket Event: DOM.childNodeCountUpdated 2846F8E841F44724619BCD3FFD3274CC {
   "childNodeCount": 23,
   "nodeId": 16
}
[1777366002.897][DEBUG]: DevTools WebSocket Event: DOM.childNodeCountUpdated 2846F8E841F44724619BCD3FFD3274CC {
   "childNodeCount": 24,
   "nodeId": 16
}
[1777366002.897][DEBUG]: DevTools WebSocket Event: DOM.childNodeCountUpdated 2846F8E841F44724619BCD3FFD3274CC {
   "childNodeCount": 25,
   "nodeId": 16
}
[1777366002.897][DEBUG]: DevTools WebSocket Event: DOM.childNodeCountUpdated 2846F8E841F44724619BCD3FFD3274CC {
   "childNodeCount": 26,
   "nodeId": 16
}
[1777366002.897][DEBUG]: DevTools WebSocket Event: DOM.childNodeCountUpdated 2846F8E841F44724619BCD3FFD3274CC {
   "childNodeCount": 27,
   "nodeId": 16
}
[1777366002.897][DEBUG]: DevTools WebSocket Event: DOM.childNodeCountUpdated 2846F8E841F44724619BCD3FFD3274CC {
   "childNodeCount": 28,
   "nodeId": 16
}
[1777366002.897][DEBUG]: DevTools WebSocket Event: DOM.childNodeCountUpdated 2846F8E841F44724619BCD3FFD3274CC {
   "childNodeCount": 29,
   "nodeId": 16
}
[1777366002.897][DEBUG]: DevTools WebSocket Event: DOM.childNodeCountUpdated 2846F8E841F44724619BCD3FFD3274CC {
   "childNodeCount": 30,
   "nodeId": 16
}
[1777366002.897][DEBUG]: DevTools WebSocket Event: DOM.childNodeCountUpdated 2846F8E841F44724619BCD3FFD3274CC {
   "childNodeCount": 31,
   "nodeId": 16
}
[1777366002.897][DEBUG]: DevTools WebSocket Event: DOM.childNodeCountUpdated 2846F8E841F44724619BCD3FFD3274CC {
   "childNodeCount": 32,
   "nodeId": 16
}
[1777366002.897][DEBUG]: DevTools WebSocket Command: Runtime.evaluate (id=59) 2846F8E841F44724619BCD3FFD3274CC {
   "expression": "1"
}
[1777366002.913][DEBUG]: DevTools WebSocket Response: Runtime.evaluate (id=59) 2846F8E841F44724619BCD3FFD3274CC {
   "result": {
      "description": "1",
      "type": "number",
      "value": 1
   }
}
[1777366002.929][DEBUG]: DevTools WebSocket Event: DOM.attributeModified 2846F8E841F44724619BCD3FFD3274CC {
   "name": "data-useragent",
   "nodeId": 14,
   "value": "Mozilla/5.0 (X11; Linux x86_64) AppleWebKit/537.36 (KHTML, like Gecko) Chrome/91.0.4472.77 Safari/537.36"
}
[1777366002.929][DEBUG]: DevTools WebSocket Event: DOM.attributeModified 2846F8E841F44724619BCD3FFD3274CC {
   "name": "data-platform",
   "nodeId": 14,
   "value": "Linux x86_64"
}
[1777366002.929][DEBUG]: DevTools WebSocket Event: DOM.childNodeCountUpdated 2846F8E841F44724619BCD3FFD3274CC {
   "childNodeCount": 33,
   "nodeId": 16
}
[1777366002.929][DEBUG]: DevTools WebSocket Event: DOM.childNodeCountUpdated 2846F8E841F44724619BCD3FFD3274CC {
   "childNodeCount": 34,
   "nodeId": 16
}
[1777366002.929][DEBUG]: DevTools WebSocket Event: DOM.childNodeCountUpdated 2846F8E841F44724619BCD3FFD3274CC {
   "childNodeCount": 35,
   "nodeId": 16
}
[1777366002.929][DEBUG]: DevTools WebSocket Command: Runtime.evaluate (id=60) 2846F8E841F44724619BCD3FFD3274CC {
   "expression": "1"
}
[1777366002.930][DEBUG]: DevTools WebSocket Event: DOM.childNodeCountUpdated 2846F8E841F44724619BCD3FFD3274CC {
   "childNodeCount": 36,
   "nodeId": 16
}
[1777366002.930][DEBUG]: DevTools WebSocket Event: DOM.childNodeCountUpdated 2846F8E841F44724619BCD3FFD3274CC {
   "childNodeCount": 37,
   "nodeId": 16
}
[1777366002.930][DEBUG]: DevTools WebSocket Event: DOM.childNodeCountUpdated 2846F8E841F44724619BCD3FFD3274CC {
   "childNodeCount": 38,
   "nodeId": 16
}
[1777366002.930][DEBUG]: DevTools WebSocket Event: DOM.childNodeCountUpdated 2846F8E841F44724619BCD3FFD3274CC {
   "childNodeCount": 39,
   "nodeId": 16
}
[1777366002.930][DEBUG]: DevTools WebSocket Event: DOM.childNodeCountUpdated 2846F8E841F44724619BCD3FFD3274CC {
   "childNodeCount": 40,
   "nodeId": 16
}
[1777366002.930][DEBUG]: DevTools WebSocket Event: DOM.childNodeCountUpdated 2846F8E841F44724619BCD3FFD3274CC {
   "childNodeCount": 41,
   "nodeId": 16
}
[1777366002.930][DEBUG]: DevTools WebSocket Event: DOM.childNodeCountUpdated 2846F8E841F44724619BCD3FFD3274CC {
   "childNodeCount": 42,
   "nodeId": 16
}
[1777366002.930][DEBUG]: DevTools WebSocket Event: DOM.childNodeCountUpdated 2846F8E841F44724619BCD3FFD3274CC {
   "childNodeCount": 43,
   "nodeId": 16
}
[1777366002.930][DEBUG]: DevTools WebSocket Event: DOM.childNodeCountUpdated 2846F8E841F44724619BCD3FFD3274CC {
   "childNodeCount": 44,
   "nodeId": 16
}
[1777366002.930][DEBUG]: DevTools WebSocket Event: DOM.childNodeCountUpdated 2846F8E841F44724619BCD3FFD3274CC {
   "childNodeCount": 45,
   "nodeId": 16
}
[1777366002.930][DEBUG]: DevTools WebSocket Event: DOM.childNodeCountUpdated 2846F8E841F44724619BCD3FFD3274CC {
   "childNodeCount": 46,
   "nodeId": 16
}
[1777366002.930][DEBUG]: DevTools WebSocket Event: DOM.childNodeCountUpdated 2846F8E841F44724619BCD3FFD3274CC {
   "childNodeCount": 47,
   "nodeId": 16
}
[1777366002.930][DEBUG]: DevTools WebSocket Event: DOM.childNodeCountUpdated 2846F8E841F44724619BCD3FFD3274CC {
   "childNodeCount": 48,
   "nodeId": 16
}
[1777366002.930][DEBUG]: DevTools WebSocket Event: DOM.childNodeCountUpdated 2846F8E841F44724619BCD3FFD3274CC {
   "childNodeCount": 49,
   "nodeId": 16
}
[1777366002.930][DEBUG]: DevTools WebSocket Event: DOM.childNodeCountUpdated 2846F8E841F44724619BCD3FFD3274CC {
   "childNodeCount": 50,
   "nodeId": 16
}
[1777366002.930][DEBUG]: DevTools WebSocket Event: DOM.childNodeCountUpdated 2846F8E841F44724619BCD3FFD3274CC {
   "childNodeCount": 51,
   "nodeId": 16
}
[1777366002.930][DEBUG]: DevTools WebSocket Event: DOM.childNodeCountUpdated 2846F8E841F44724619BCD3FFD3274CC {
   "childNodeCount": 52,
   "nodeId": 16
}
[1777366002.930][DEBUG]: DevTools WebSocket Event: DOM.childNodeCountUpdated 2846F8E841F44724619BCD3FFD3274CC {
   "childNodeCount": 53,
   "nodeId": 16
}
[1777366002.930][DEBUG]: DevTools WebSocket Event: DOM.childNodeCountUpdated 2846F8E841F44724619BCD3FFD3274CC {
   "childNodeCount": 54,
   "nodeId": 16
}
[1777366002.930][DEBUG]: DevTools WebSocket Event: DOM.childNodeCountUpdated 2846F8E841F44724619BCD3FFD3274CC {
   "childNodeCount": 55,
   "nodeId": 16
}
[1777366002.930][DEBUG]: DevTools WebSocket Event: DOM.childNodeCountUpdated 2846F8E841F44724619BCD3FFD3274CC {
   "childNodeCount": 56,
   "nodeId": 16
}
[1777366002.930][DEBUG]: DevTools WebSocket Event: DOM.childNodeCountUpdated 2846F8E841F44724619BCD3FFD3274CC {
   "childNodeCount": 57,
   "nodeId": 16
}
[1777366002.930][DEBUG]: DevTools WebSocket Event: DOM.childNodeCountUpdated 2846F8E841F44724619BCD3FFD3274CC {
   "childNodeCount": 58,
   "nodeId": 16
}
[1777366002.930][DEBUG]: DevTools WebSocket Event: DOM.childNodeCountUpdated 2846F8E841F44724619BCD3FFD3274CC {
   "childNodeCount": 59,
   "nodeId": 16
}
[1777366002.930][DEBUG]: DevTools WebSocket Event: DOM.childNodeCountUpdated 2846F8E841F44724619BCD3FFD3274CC {
   "childNodeCount": 60,
   "nodeId": 16
}
[1777366002.930][DEBUG]: DevTools WebSocket Event: DOM.childNodeCountUpdated 2846F8E841F44724619BCD3FFD3274CC {
   "childNodeCount": 61,
   "nodeId": 16
}
[1777366002.930][DEBUG]: DevTools WebSocket Event: DOM.childNodeCountUpdated 2846F8E841F44724619BCD3FFD3274CC {
   "childNodeCount": 62,
   "nodeId": 16
}
[1777366002.930][DEBUG]: DevTools WebSocket Event: DOM.childNodeCountUpdated 2846F8E841F44724619BCD3FFD3274CC {
   "childNodeCount": 63,
   "nodeId": 16
}
[1777366002.930][DEBUG]: DevTools WebSocket Event: DOM.childNodeInserted 2846F8E841F44724619BCD3FFD3274CC {
   "node": {
      "backendNodeId": 284,
      "localName": "",
      "nodeId": 17,
      "nodeName": "#comment",
      "nodeType": 8,
      "nodeValue": " sp:end-feature:head-close "
   },
   "parentNodeId": 14,
   "previousNodeId": 16
}
[1777366002.930][DEBUG]: DevTools WebSocket Event: DOM.childNodeInserted 2846F8E841F44724619BCD3FFD3274CC {
   "node": {
      "backendNodeId": 285,
      "localName": "",
      "nodeId": 18,
      "nodeName": "#comment",
      "nodeType": 8,
      "nodeValue": " sp:feature:start-body "
   },
   "parentNodeId": 14,
   "previousNodeId": 17
}
[1777366002.930][DEBUG]: DevTools WebSocket Event: DOM.childNodeInserted 2846F8E841F44724619BCD3FFD3274CC {
   "node": {
      "attributes": [ "class", "a-aui_72554-c a-aui_template_weblab_cache_333406-c" ],
      "backendNodeId": 286,
      "childNodeCount": 0,
      "localName": "body",
      "nodeId": 19,
      "nodeName": "BODY",
      "nodeType": 1,
      "nodeValue": ""
   },
   "parentNodeId": 14,
   "previousNodeId": 18
}
[1777366002.930][DEBUG]: DevTools WebSocket Event: DOM.childNodeCountUpdated 2846F8E841F44724619BCD3FFD3274CC {
   "childNodeCount": 1,
   "nodeId": 19
}
[1777366002.966][DEBUG]: DevTools WebSocket Response: Runtime.evaluate (id=60) 2846F8E841F44724619BCD3FFD3274CC {
   "result": {
      "description": "1",
      "type": "number",
      "value": 1
   }
}
[1777366002.999][DEBUG]: DevTools WebSocket Event: DOM.childNodeCountUpdated 2846F8E841F44724619BCD3FFD3274CC {
   "childNodeCount": 2,
   "nodeId": 19
}
[1777366002.999][DEBUG]: DevTools WebSocket Command: Runtime.evaluate (id=61) 2846F8E841F44724619BCD3FFD3274CC {
   "expression": "1"
}
[1777366002.999][DEBUG]: DevTools WebSocket Event: DOM.childNodeCountUpdated 2846F8E841F44724619BCD3FFD3274CC {
   "childNodeCount": 1,
   "nodeId": 19
}
[1777366003.000][DEBUG]: DevTools WebSocket Event: DOM.childNodeInserted 2846F8E841F44724619BCD3FFD3274CC {
   "node": {
      "attributes": [  ],
      "backendNodeId": 287,
      "childNodeCount": 1,
      "localName": "div",
      "nodeId": 20,
      "nodeName": "DIV",
      "nodeType": 1,
      "nodeValue": ""
   },
   "parentNodeId": 14,
   "previousNodeId": 0
}
[1777366003.004][DEBUG]: DevTools WebSocket Event: DOM.childNodeRemoved 2846F8E841F44724619BCD3FFD3274CC {
   "nodeId": 20,
   "parentNodeId": 14
}
[1777366003.011][DEBUG]: DevTools WebSocket Response: Runtime.evaluate (id=61) 2846F8E841F44724619BCD3FFD3274CC {
   "result": {
      "description": "1",
      "type": "number",
      "value": 1
   }
}
[1777366003.032][DEBUG]: DevTools WebSocket Event: DOM.childNodeCountUpdated 2846F8E841F44724619BCD3FFD3274CC {
   "childNodeCount": 64,
   "nodeId": 16
}
[1777366003.032][DEBUG]: DevTools WebSocket Command: Runtime.evaluate (id=62) 2846F8E841F44724619BCD3FFD3274CC {
   "expression": "1"
}
[1777366003.054][DEBUG]: DevTools WebSocket Response: Runtime.evaluate (id=62) 2846F8E841F44724619BCD3FFD3274CC {
   "result": {
      "description": "1",
      "type": "number",
      "value": 1
   }
}
[1777366003.555][DEBUG]: DevTools WebSocket Command: Runtime.evaluate (id=63) 2846F8E841F44724619BCD3FFD3274CC {
   "expression": "1"
}
[1777366003.568][DEBUG]: DevTools WebSocket Response: Runtime.evaluate (id=63) 2846F8E841F44724619BCD3FFD3274CC {
   "result": {
      "description": "1",
      "type": "number",
      "value": 1
   }
}
[1777366003.621][DEBUG]: DevTools WebSocket Event: DOM.childNodeCountUpdated 2846F8E841F44724619BCD3FFD3274CC {
   "childNodeCount": 65,
   "nodeId": 16
}
[1777366003.621][DEBUG]: DevTools WebSocket Event: DOM.childNodeCountUpdated 2846F8E841F44724619BCD3FFD3274CC {
   "childNodeCount": 66,
   "nodeId": 16
}
[1777366003.621][DEBUG]: DevTools WebSocket Event: DOM.childNodeCountUpdated 2846F8E841F44724619BCD3FFD3274CC {
   "childNodeCount": 67,
   "nodeId": 16
}
[1777366003.621][DEBUG]: DevTools WebSocket Command: Runtime.evaluate (id=64) 2846F8E841F44724619BCD3FFD3274CC {
   "expression": "1"
}
[1777366003.660][DEBUG]: DevTools WebSocket Response: Runtime.evaluate (id=64) 2846F8E841F44724619BCD3FFD3274CC {
   "result": {
      "description": "1",
      "type": "number",
      "value": 1
   }
}
[1777366003.704][DEBUG]: DevTools WebSocket Event: DOM.childNodeCountUpdated 2846F8E841F44724619BCD3FFD3274CC {
   "childNodeCount": 68,
   "nodeId": 16
}
[1777366003.704][DEBUG]: DevTools WebSocket Command: Runtime.evaluate (id=65) 2846F8E841F44724619BCD3FFD3274CC {
   "expression": "1"
}
[1777366003.717][DEBUG]: DevTools WebSocket Response: Runtime.evaluate (id=65) 2846F8E841F44724619BCD3FFD3274CC {
   "result": {
      "description": "1",
      "type": "number",
      "value": 1
   }
}
[1777366003.720][DEBUG]: DevTools WebSocket Event: DOM.childNodeCountUpdated 2846F8E841F44724619BCD3FFD3274CC {
   "childNodeCount": 69,
   "nodeId": 16
}
[1777366003.720][DEBUG]: DevTools WebSocket Command: Runtime.evaluate (id=66) 2846F8E841F44724619BCD3FFD3274CC {
   "expression": "1"
}
[1777366003.748][DEBUG]: DevTools WebSocket Response: Runtime.evaluate (id=66) 2846F8E841F44724619BCD3FFD3274CC {
   "result": {
      "description": "1",
      "type": "number",
      "value": 1
   }
}
[1777366003.774][DEBUG]: DevTools WebSocket Event: DOM.childNodeCountUpdated 2846F8E841F44724619BCD3FFD3274CC {
   "childNodeCount": 2,
   "nodeId": 19
}
[1777366003.774][DEBUG]: DevTools WebSocket Command: Runtime.evaluate (id=67) 2846F8E841F44724619BCD3FFD3274CC {
   "expression": "1"
}
[1777366003.795][DEBUG]: DevTools WebSocket Response: Runtime.evaluate (id=67) 2846F8E841F44724619BCD3FFD3274CC {
   "result": {
      "description": "1",
      "type": "number",
      "value": 1
   }
}
[1777366003.942][DEBUG]: DevTools WebSocket Event: DOM.childNodeCountUpdated 2846F8E841F44724619BCD3FFD3274CC {
   "childNodeCount": 70,
   "nodeId": 16
}
[1777366003.942][DEBUG]: DevTools WebSocket Command: Runtime.evaluate (id=68) 2846F8E841F44724619BCD3FFD3274CC {
   "expression": "1"
}
[1777366003.986][DEBUG]: DevTools WebSocket Response: Runtime.evaluate (id=68) 2846F8E841F44724619BCD3FFD3274CC {
   "result": {
      "description": "1",
      "type": "number",
      "value": 1
   }
}
[1777366004.339][DEBUG]: DevTools WebSocket Event: DOM.childNodeCountUpdated 2846F8E841F44724619BCD3FFD3274CC {
   "childNodeCount": 3,
   "nodeId": 19
}
[1777366004.339][DEBUG]: DevTools WebSocket Event: DOM.childNodeCountUpdated 2846F8E841F44724619BCD3FFD3274CC {
   "childNodeCount": 4,
   "nodeId": 19
}
[1777366004.339][DEBUG]: DevTools WebSocket Event: DOM.childNodeCountUpdated 2846F8E841F44724619BCD3FFD3274CC {
   "childNodeCount": 71,
   "nodeId": 16
}
[1777366004.339][DEBUG]: DevTools WebSocket Event: DOM.childNodeCountUpdated 2846F8E841F44724619BCD3FFD3274CC {
   "childNodeCount": 5,
   "nodeId": 19
}
[1777366004.339][DEBUG]: DevTools WebSocket Event: DOM.documentUpdated 2846F8E841F44724619BCD3FFD3274CC {

}
[1777366004.339][DEBUG]: DevTools WebSocket Command: DOM.getDocument (id=69) 2846F8E841F44724619BCD3FFD3274CC {

}
[1777366004.339][DEBUG]: DevTools WebSocket Event: Page.domContentEventFired 2846F8E841F44724619BCD3FFD3274CC {
   "timestamp": 8133.442318
}
[1777366004.339][DEBUG]: DevTools WebSocket Command: Runtime.evaluate (id=70) 2846F8E841F44724619BCD3FFD3274CC {
   "expression": "1"
}
[1777366004.379][DEBUG]: DevTools WebSocket Event: Log.entryAdded 2846F8E841F44724619BCD3FFD3274CC {
   "entry": {
      "level": "error",
      "lineNumber": 38,
      "source": "security",
      "stackTrace": {
         "callFrames": [ {
            "columnNumber": 31673,
            "functionName": "a",
            "lineNumber": 38,
            "scriptId": "103",
            "url": "https://m.media-amazon.com/images/S/sash/zlzCs87oZmTUMf8.js?name=vendors"
         }, {
            "columnNumber": 265154,
            "functionName": "e.connect",
            "lineNumber": 23,
            "scriptId": "103",
            "url": "https://m.media-amazon.com/images/S/sash/zlzCs87oZmTUMf8.js?name=vendors"
         }, {
            "columnNumber": 261228,
            "functionName": "e.executeOperation",
            "lineNumber": 23,
            "scriptId": "103",
            "url": "https://m.media-amazon.com/images/S/sash/zlzCs87oZmTUMf8.js?name=vendors"
         }, {
            "columnNumber": 259726,
            "functionName": "t.subscribe",
            "lineNumber": 23,
            "scriptId": "103",
            "url": "https://m.media-amazon.com/images/S/sash/zlzCs87oZmTUMf8.js?name=vendors"
         }, {
            "columnNumber": 10365,
            "functionName": "",
            "lineNumber": 89,
            "scriptId": "103",
            "url": "https://m.media-amazon.com/images/S/sash/zlzCs87oZmTUMf8.js?name=vendors"
         }, {
            "columnNumber": 19480,
            "functionName": "e",
            "lineNumber": 0,
            "scriptId": "103",
            "url": "https://m.media-amazon.com/images/S/sash/zlzCs87oZmTUMf8.js?name=vendors"
         }, {
            "columnNumber": 20444,
            "functionName": "value",
            "lineNumber": 0,
            "scriptId": "103",
            "url": "https://m.media-amazon.com/images/S/sash/zlzCs87oZmTUMf8.js?name=vendors"
         }, {
            "columnNumber": 2939,
            "functionName": "",
            "lineNumber": 81,
            "scriptId": "103",
            "url": "https://m.media-amazon.com/images/S/sash/zlzCs87oZmTUMf8.js?name=vendors"
         }, {
            "columnNumber": 2983,
            "functionName": "",
            "lineNumber": 81,
            "scriptId": "103",
            "url": "https://m.media-amazon.com/images/S/sash/zlzCs87oZmTUMf8.js?name=vendors"
         }, {
            "columnNumber": 164188,
            "functionName": "w",
            "lineNumber": 25,
            "scriptId": "103",
            "url": "https://m.media-amazon.com/images/S/sash/zlzCs87oZmTUMf8.js?name=vendors"
         }, {
            "columnNumber": 2458,
            "functionName": "",
            "lineNumber": 81,
            "scriptId": "103",
            "url": "https://m.media-amazon.com/images/S/sash/zlzCs87oZmTUMf8.js?name=vendors"
         }, {
            "columnNumber": 211355,
            "functionName": "P.\u003Ccomputed>",
            "lineNumber": 57,
            "scriptId": "103",
            "url": "https://m.media-amazon.com/images/S/sash/zlzCs87oZmTUMf8.js?name=vendors"
         }, {
            "columnNumber": 215265,
            "functionName": "",
            "lineNumber": 57,
            "scriptId": "103",
            "url": "https://m.media-amazon.com/images/S/sash/zlzCs87oZmTUMf8.js?name=vendors"
         }, {
            "columnNumber": 216195,
            "functionName": "m",
            "lineNumber": 57,
            "scriptId": "103",
            "url": "https://m.media-amazon.com/images/S/sash/zlzCs87oZmTUMf8.js?name=vendors"
         }, {
            "columnNumber": 215721,
            "functionName": "h",
            "lineNumber": 57,
            "scriptId": "103",
            "url": "https://m.media-amazon.com/images/S/sash/zlzCs87oZmTUMf8.js?name=vendors"
         }, {
            "columnNumber": 215978,
            "functionName": "u",
            "lineNumber": 57,
            "scriptId": "103",
            "url": "https://m.media-amazon.com/images/S/sash/zlzCs87oZmTUMf8.js?name=vendors"
         }, {
            "columnNumber": 212699,
            "functionName": "P.\u003Ccomputed>",
            "lineNumber": 57,
            "scriptId": "103",
            "url": "https://m.media-amazon.com/images/S/sash/zlzCs87oZmTUMf8.js?name=vendors"
         }, {
            "columnNumber": 215265,
            "functionName": "",
            "lineNumber": 57,
            "scriptId": "103",
            "url": "https://m.media-amazon.com/images/S/sash/zlzCs87oZmTUMf8.js?name=vendors"
         }, {
            "columnNumber": 216195,
            "functionName": "m",
            "lineNumber": 57,
            "scriptId": "103",
            "url": "https://m.media-amazon.com/images/S/sash/zlzCs87oZmTUMf8.js?name=vendors"
         }, "..." ]
      },
      "text": "[Report Only] Refused to connect to 'wss://p47r3qkl5raepa5flsczs7khqq.appsync-realtime-api.eu-west-1.amazonaws.com/graphql?header=eyJob3N0IjoicDQ3cjNxa2w1cmFlcGE1ZmxzY3pzN2tocXEuYXBwc3luYy1hcGkuZXU...",
      "timestamp": 1.7773660043776829e+12,
      "url": "https://m.media-amazon.com/images/S/sash/zlzCs87oZmTUMf8.js?name=vendors"
   }
}
[1777366004.449][DEBUG]: DevTools WebSocket Response: DOM.getDocument (id=69) 2846F8E841F44724619BCD3FFD3274CC {
   "root": {
      "backendNodeId": 279,
      "baseURL": "https://www.amazon.in/",
      "childNodeCount": 2,
      "children": [ {
         "backendNodeId": 280,
         "localName": "",
         "nodeId": 22,
         "nodeName": "html",
         "nodeType": 10,
         "nodeValue": "",
         "parentId": 21,
         "publicId": "",
         "systemId": ""
      }, {
         "attributes": [ "lang", "en-in", "class", "a-ws a-js a-audio a-video a-canvas a-svg a-drag-drop a-geolocation a-history a-webworker a-autofocus a-input-placeholder a-textarea-placeholder a-local-storage a-gradients a-transform3d a-touch-scr...", "data-19ax5a9jf", "dingo", "data-aui-build-date", "3.26.4-2026-04-23", "data-useragent", "Mozilla/5.0 (X11; Linux x86_64) AppleWebKit/537.36 (KHTML, like Gecko) Chrome/91.0.4472.77 Safari/537.36", "data-platform", "Linux x86_64", "style", "--al-scrollbar-color:#C1C1C1; --al-primary-color:#FFFFFF; --al-highlight-color:#FF6200; --al-text-color:#000000;" ],
         "backendNodeId": 281,
         "childNodeCount": 5,
         "children": [ {
            "backendNodeId": 282,
            "localName": "",
            "nodeId": 24,
            "nodeName": "#comment",
            "nodeType": 8,
            "nodeValue": " sp:feature:head-start ",
            "parentId": 23
         }, {
            "attributes": [  ],
            "backendNodeId": 283,
            "childNodeCount": 72,
            "localName": "head",
            "nodeId": 25,
            "nodeName": "HEAD",
            "nodeType": 1,
            "nodeValue": "",
            "parentId": 23
         }, {
            "backendNodeId": 284,
            "localName": "",
            "nodeId": 26,
            "nodeName": "#comment",
            "nodeType": 8,
            "nodeValue": " sp:end-feature:head-close ",
            "parentId": 23
         }, {
            "backendNodeId": 285,
            "localName": "",
            "nodeId": 27,
            "nodeName": "#comment",
            "nodeType": 8,
            "nodeValue": " sp:feature:start-body ",
            "parentId": 23
         }, {
            "attributes": [ "class", "a-aui_72554-c a-aui_template_weblab_cache_333406-c" ],
            "backendNodeId": 286,
            "childNodeCount": 5,
            "localName": "body",
            "nodeId": 28,
            "nodeName": "BODY",
            "nodeType": 1,
            "nodeValue": "",
            "parentId": 23
         } ],
         "frameId": "2846F8E841F44724619BCD3FFD3274CC",
         "localName": "html",
         "nodeId": 23,
         "nodeName": "HTML",
         "nodeType": 1,
         "nodeValue": "",
         "parentId": 21
      } ],
      "documentURL": "https://www.amazon.in/",
      "localName": "",
      "nodeId": 21,
      "nodeName": "#document",
      "nodeType": 9,
      "nodeValue": "",
      "xmlVersion": ""
   }
}
[1777366004.449][DEBUG]: DevTools WebSocket Response: Runtime.evaluate (id=70) 2846F8E841F44724619BCD3FFD3274CC {
   "result": {
      "description": "1",
      "type": "number",
      "value": 1
   }
}
[1777366004.618][DEBUG]: DevTools WebSocket Event: DOM.attributeModified 2846F8E841F44724619BCD3FFD3274CC {
   "name": "class",
   "nodeId": 28,
   "value": "a-aui_72554-c a-aui_template_weblab_cache_333406-c a-meter-animate"
}
[1777366004.618][DEBUG]: DevTools WebSocket Event: DOM.childNodeCountUpdated 2846F8E841F44724619BCD3FFD3274CC {
   "childNodeCount": 73,
   "nodeId": 25
}
[1777366004.618][DEBUG]: DevTools WebSocket Event: DOM.childNodeCountUpdated 2846F8E841F44724619BCD3FFD3274CC {
   "childNodeCount": 6,
   "nodeId": 28
}
[1777366004.618][DEBUG]: DevTools WebSocket Event: DOM.childNodeCountUpdated 2846F8E841F44724619BCD3FFD3274CC {
   "childNodeCount": 5,
   "nodeId": 28
}
[1777366004.619][DEBUG]: DevTools WebSocket Event: DOM.childNodeCountUpdated 2846F8E841F44724619BCD3FFD3274CC {
   "childNodeCount": 6,
   "nodeId": 28
}
[1777366004.619][DEBUG]: DevTools WebSocket Event: DOM.childNodeCountUpdated 2846F8E841F44724619BCD3FFD3274CC {
   "childNodeCount": 5,
   "nodeId": 28
}
[1777366004.619][DEBUG]: DevTools WebSocket Command: Runtime.evaluate (id=71) 2846F8E841F44724619BCD3FFD3274CC {
   "expression": "1"
}
[1777366004.663][DEBUG]: DevTools WebSocket Event: Target.attachedToTarget 2846F8E841F44724619BCD3FFD3274CC {
   "sessionId": "2B0828DECF2BF60353E207D9699837F4",
   "targetInfo": {
      "attached": true,
      "browserContextId": "8ACEE6B50745CF4CEAB1DDFBC17555D7",
      "canAccessOpener": false,
      "targetId": "725B1879849A0A4BE0AA3F900E24556A",
      "title": "blob:https://www.amazon.in/f3be6c0b-3508-40fc-95e3-f7077304b57f",
      "type": "worker",
      "url": "blob:https://www.amazon.in/f3be6c0b-3508-40fc-95e3-f7077304b57f"
   },
   "waitingForDebugger": false
}
[1777366004.671][DEBUG]: DevTools WebSocket Response: Runtime.evaluate (id=71) 2846F8E841F44724619BCD3FFD3274CC {
   "result": {
      "description": "1",
      "type": "number",
      "value": 1
   }
}
[1777366004.672][DEBUG]: DevTools WebSocket Event: DOM.childNodeCountUpdated 2846F8E841F44724619BCD3FFD3274CC {
   "childNodeCount": 4,
   "nodeId": 28
}
[1777366004.672][DEBUG]: DevTools WebSocket Command: Runtime.evaluate (id=72) 2846F8E841F44724619BCD3FFD3274CC {
   "expression": "1"
}
[1777366004.773][DEBUG]: DevTools WebSocket Response: Runtime.evaluate (id=72) 2846F8E841F44724619BCD3FFD3274CC {
   "result": {
      "description": "1",
      "type": "number",
      "value": 1
   }
}
[1777366005.161][DEBUG]: DevTools WebSocket Event: Runtime.consoleAPICalled 2846F8E841F44724619BCD3FFD3274CC {
   "args": [ {
      "type": "string",
      "value": "Request build time = 0, fetch time = 796"
   } ],
   "executionContextId": 2,
   "stackTrace": {
      "callFrames": [ {
         "columnNumber": 138146,
         "functionName": "",
         "lineNumber": 0,
         "scriptId": "107",
         "url": "https://m.media-amazon.com/images/S/sash/cHo58NGi2QCQfS6.js?name=app"
      }, {
         "columnNumber": 137655,
         "functionName": "i",
         "lineNumber": 0,
         "scriptId": "107",
         "url": "https://m.media-amazon.com/images/S/sash/cHo58NGi2QCQfS6.js?name=app"
      } ]
   },
   "timestamp": 1.777366005160541e+12,
   "type": "debug"
}
[1777366005.161][DEBUG]: DevTools WebSocket Command: Runtime.evaluate (id=73) 2846F8E841F44724619BCD3FFD3274CC {
   "expression": "1"
}
[1777366005.163][DEBUG]: DevTools WebSocket Event: Log.entryAdded 2846F8E841F44724619BCD3FFD3274CC {
   "entry": {
      "level": "info",
      "lineNumber": 1,
      "source": "worker",
      "stackTrace": {
         "callFrames": [ {
            "columnNumber": 23001,
            "functionName": "t._emscripten_log_js",
            "lineNumber": 1,
            "scriptId": "4",
            "url": "https://player.live-video.net/1.19.0/amazon-ivs-wasmworker.min.js"
         } ]
      },
      "text": "Amazon IVS Player SDK 1.19.0",
      "timestamp": 1.777366005162145e+12,
      "url": "https://player.live-video.net/1.19.0/amazon-ivs-wasmworker.min.js",
      "workerId": "725B1879849A0A4BE0AA3F900E24556A"
   }
}
[1777366005.295][DEBUG]: DevTools WebSocket Event: DOM.childNodeCountUpdated 2846F8E841F44724619BCD3FFD3274CC {
   "childNodeCount": 74,
   "nodeId": 25
}
[1777366005.295][DEBUG]: DevTools WebSocket Event: DOM.childNodeCountUpdated 2846F8E841F44724619BCD3FFD3274CC {
   "childNodeCount": 75,
   "nodeId": 25
}
[1777366005.295][DEBUG]: DevTools WebSocket Event: Log.entryAdded 2846F8E841F44724619BCD3FFD3274CC {
   "entry": {
      "level": "warning",
      "lineNumber": 3758,
      "source": "deprecation",
      "stackTrace": {
         "callFrames": [ {
            "columnNumber": 2048,
            "functionName": "",
            "lineNumber": 3758,
            "scriptId": "300",
            "url": "https://www.amazon.in/"
         }, {
            "columnNumber": 3502,
            "functionName": "h",
            "lineNumber": 3758,
            "scriptId": "300",
            "url": "https://www.amazon.in/"
         }, {
            "columnNumber": 2276,
            "functionName": "e",
            "lineNumber": 3758,
            "scriptId": "300",
            "url": "https://www.amazon.in/"
         }, {
            "columnNumber": 3468,
            "functionName": "h",
            "lineNumber": 3758,
            "scriptId": "300",
            "url": "https://www.amazon.in/"
         }, {
            "columnNumber": 2269,
            "functionName": "e",
            "lineNumber": 3758,
            "scriptId": "300",
            "url": "https://www.amazon.in/"
         }, {
            "columnNumber": 2215,
            "functionName": "f",
            "lineNumber": 3758,
            "scriptId": "300",
            "url": "https://www.amazon.in/"
         }, {
            "columnNumber": 3653,
            "functionName": "",
            "lineNumber": 3758,
            "scriptId": "300",
            "url": "https://www.amazon.in/"
         }, {
            "columnNumber": 4148,
            "functionName": "",
            "lineNumber": 3758,
            "scriptId": "300",
            "url": "https://www.amazon.in/"
         }, {
            "columnNumber": 327,
            "functionName": "",
            "lineNumber": 3759,
            "scriptId": "300",
            "url": "https://www.amazon.in/"
         }, {
            "columnNumber": 3356,
            "functionName": "y",
            "lineNumber": 3758,
            "scriptId": "300",
            "url": "https://www.amazon.in/"
         }, {
            "columnNumber": 2690,
            "functionName": "",
            "lineNumber": 3758,
            "scriptId": "300",
            "url": "https://www.amazon.in/"
         }, {
            "columnNumber": 2303,
            "functionName": "e",
            "lineNumber": 3758,
            "scriptId": "300",
            "url": "https://www.amazon.in/"
         }, {
            "columnNumber": 2215,
            "functionName": "f",
            "lineNumber": 3758,
            "scriptId": "300",
            "url": "https://www.amazon.in/"
         }, {
            "columnNumber": 3653,
            "functionName": "",
            "lineNumber": 3758,
            "scriptId": "300",
            "url": "https://www.amazon.in/"
         }, {
            "columnNumber": 4148,
            "functionName": "",
            "lineNumber": 3758,
            "scriptId": "300",
            "url": "https://www.amazon.in/"
         }, {
            "columnNumber": 327,
            "functionName": "",
            "lineNumber": 3759,
            "scriptId": "300",
            "url": "https://www.amazon.in/"
         }, {
            "columnNumber": 3356,
            "functionName": "y",
            "lineNumber": 3758,
            "scriptId": "300",
            "url": "https://www.amazon.in/"
         }, {
            "columnNumber": 2690,
            "functionName": "",
            "lineNumber": 3758,
            "scriptId": "300",
            "url": "https://www.amazon.in/"
         }, {
            "columnNumber": 2303,
            "functionName": "e",
            "lineNumber": 3758,
            "scriptId": "300",
            "url": "https://www.amazon.in/"
         }, "..." ]
      },
      "text": "'window.webkitStorageInfo' is deprecated. Please use 'navigator.webkitTemporaryStorage' or 'navigator.webkitPersistentStorage' instead.",
      "timestamp": 1.777366005293633e+12,
      "url": "https://www.amazon.in/"
   }
}
[1777366005.329][DEBUG]: DevTools WebSocket Event: Page.loadEventFired 2846F8E841F44724619BCD3FFD3274CC {
   "timestamp": 8134.428948
}
[1777366005.329][DEBUG]: DevTools WebSocket Command: Runtime.evaluate (id=74) 2846F8E841F44724619BCD3FFD3274CC {
   "awaitPromise": false,
   "expression": "document.readyState",
   "returnByValue": true
}
[1777366005.329][DEBUG]: DevTools WebSocket Event: Page.frameStoppedLoading 2846F8E841F44724619BCD3FFD3274CC {
   "frameId": "2846F8E841F44724619BCD3FFD3274CC"
}
[1777366005.331][DEBUG]: DevTools WebSocket Response: Runtime.evaluate (id=73) 2846F8E841F44724619BCD3FFD3274CC {
   "result": {
      "description": "1",
      "type": "number",
      "value": 1
   }
}
[1777366005.380][DEBUG]: DevTools WebSocket Response: Runtime.evaluate (id=74) 2846F8E841F44724619BCD3FFD3274CC {
   "result": {
      "type": "string",
      "value": "complete"
   }
}
[1777366005.380][INFO]: Done waiting for pending navigations. Status: ok
[1777366005.380][INFO]: [1f06e95b50b89884cf09928311c93952] RESPONSE Navigate
[1777366025.400][INFO]: [1f06e95b50b89884cf09928311c93952] COMMAND FindElement {
   "using": "css selector",
   "value": "#twotabsearchtextbox"
}
[1777366025.400][DEBUG]: DevTools WebSocket Event: Page.frameAttached 2846F8E841F44724619BCD3FFD3274CC {
   "frameId": "BEF6BDFC4A1406BC84885DBF7F8DB1D8",
   "parentFrameId": "2846F8E841F44724619BCD3FFD3274CC",
   "stack": {
      "callFrames": [ {
         "columnNumber": 344,
         "functionName": "",
         "lineNumber": 3556,
         "scriptId": "295",
         "url": "https://www.amazon.in/"
      } ]
   }
}
[1777366025.400][DEBUG]: DevTools WebSocket Event: Page.frameStartedLoading 2846F8E841F44724619BCD3FFD3274CC {
   "frameId": "BEF6BDFC4A1406BC84885DBF7F8DB1D8"
}
[1777366025.400][DEBUG]: DevTools WebSocket Event: Target.attachedToTarget 2846F8E841F44724619BCD3FFD3274CC {
   "sessionId": "97CEF0204F8443AB2ADFCEC0792EAAB7",
   "targetInfo": {
      "attached": true,
      "browserContextId": "8ACEE6B50745CF4CEAB1DDFBC17555D7",
      "canAccessOpener": false,
      "targetId": "BEF6BDFC4A1406BC84885DBF7F8DB1D8",
      "title": "",
      "type": "iframe",
      "url": ""
   },
   "waitingForDebugger": false
}
[1777366025.400][DEBUG]: DevTools WebSocket Command: Page.addScriptToEvaluateOnNewDocument (id=1) 97CEF0204F8443AB2ADFCEC0792EAAB7 {
   "source": "(function () {window.cdc_adoQpoasnfa76pfcZLmcfl_Array = window.Array;window.cdc_adoQpoasnfa76pfcZLmcfl_Promise = window.Promise;window.cdc_adoQpoasnfa76pfcZLmcfl_Symbol = window.Symbol;}) ();"
}
[1777366025.401][DEBUG]: DevTools WebSocket Command: Runtime.evaluate (id=2) 97CEF0204F8443AB2ADFCEC0792EAAB7 {
   "expression": "(function () {window.cdc_adoQpoasnfa76pfcZLmcfl_Array = window.Array;window.cdc_adoQpoasnfa76pfcZLmcfl_Promise = window.Promise;window.cdc_adoQpoasnfa76pfcZLmcfl_Symbol = window.Symbol;}) ();"
}
[1777366025.401][DEBUG]: DevTools WebSocket Command: DOM.getDocument (id=3) 97CEF0204F8443AB2ADFCEC0792EAAB7 {

}
[1777366025.402][DEBUG]: DevTools WebSocket Command: Target.setAutoAttach (id=4) 97CEF0204F8443AB2ADFCEC0792EAAB7 {
   "autoAttach": true,
   "flatten": true,
   "waitForDebuggerOnStart": false
}
[1777366025.402][DEBUG]: DevTools WebSocket Command: Page.enable (id=5) 97CEF0204F8443AB2ADFCEC0792EAAB7 {

}
[1777366025.402][DEBUG]: DevTools WebSocket Command: Page.enable (id=75) 2846F8E841F44724619BCD3FFD3274CC {

}
[1777366025.403][DEBUG]: DevTools WebSocket Event: Page.frameStoppedLoading 2846F8E841F44724619BCD3FFD3274CC {
   "frameId": "BEF6BDFC4A1406BC84885DBF7F8DB1D8"
}
[1777366025.403][DEBUG]: DevTools WebSocket Event: Page.frameDetached 2846F8E841F44724619BCD3FFD3274CC {
   "frameId": "BEF6BDFC4A1406BC84885DBF7F8DB1D8",
   "reason": "swap"
}
[1777366025.403][DEBUG]: DevTools WebSocket Event: DOM.childNodeCountUpdated 2846F8E841F44724619BCD3FFD3274CC {
   "childNodeCount": 76,
   "nodeId": 25
}
[1777366025.403][DEBUG]: DevTools WebSocket Event: DOM.childNodeCountUpdated 2846F8E841F44724619BCD3FFD3274CC {
   "childNodeCount": 77,
   "nodeId": 25
}
[1777366025.403][DEBUG]: DevTools WebSocket Event: DOM.childNodeCountUpdated 2846F8E841F44724619BCD3FFD3274CC {
   "childNodeCount": 78,
   "nodeId": 25
}
[1777366025.403][DEBUG]: DevTools WebSocket Response: Page.addScriptToEvaluateOnNewDocument (id=1) 97CEF0204F8443AB2ADFCEC0792EAAB7 {
   "identifier": "1"
}
[1777366025.403][DEBUG]: DevTools WebSocket Response: Runtime.evaluate (id=2) 97CEF0204F8443AB2ADFCEC0792EAAB7 {
   "result": {
      "type": "undefined"
   }
}
[1777366025.403][DEBUG]: DevTools WebSocket Response: DOM.getDocument (id=3) 97CEF0204F8443AB2ADFCEC0792EAAB7 {
   "root": {
      "backendNodeId": 1,
      "baseURL": "https://aax-eu.amazon-adsystem.com/s/iu3?d=amazon.in&slot=navFooter&a2=010172f5953ca571f44b6ab38d37f0c6ebd6bf5442b9bd58c59b2484a4e2dc59db72&old_oo=0&ts=1777366003459&s=Ac2NMvxxp1HUwhozN-7cWoKAdOlxA...",
      "childNodeCount": 1,
      "children": [ {
         "attributes": [  ],
         "backendNodeId": 3,
         "childNodeCount": 2,
         "children": [ {
            "attributes": [  ],
            "backendNodeId": 4,
            "childNodeCount": 0,
            "localName": "head",
            "nodeId": 3,
            "nodeName": "HEAD",
            "nodeType": 1,
            "nodeValue": "",
            "parentId": 2
         }, {
            "attributes": [ "style", "background-color:transparent", "marginwidth", "0", "marginheight", "0" ],
            "backendNodeId": 5,
            "childNodeCount": 1,
            "localName": "body",
            "nodeId": 4,
            "nodeName": "BODY",
            "nodeType": 1,
            "nodeValue": "",
            "parentId": 2
         } ],
         "frameId": "BEF6BDFC4A1406BC84885DBF7F8DB1D8",
         "localName": "html",
         "nodeId": 2,
         "nodeName": "HTML",
         "nodeType": 1,
         "nodeValue": "",
         "parentId": 1
      } ],
      "documentURL": "https://aax-eu.amazon-adsystem.com/s/iu3?d=amazon.in&slot=navFooter&a2=010172f5953ca571f44b6ab38d37f0c6ebd6bf5442b9bd58c59b2484a4e2dc59db72&old_oo=0&ts=1777366003459&s=Ac2NMvxxp1HUwhozN-7cWoKAdOlxA...",
      "localName": "",
      "nodeId": 1,
      "nodeName": "#document",
      "nodeType": 9,
      "nodeValue": "",
      "xmlVersion": ""
   }
}
[1777366025.403][DEBUG]: DevTools WebSocket Response: Target.setAutoAttach (id=4) 97CEF0204F8443AB2ADFCEC0792EAAB7 {

}
[1777366025.403][DEBUG]: DevTools WebSocket Response: Page.enable (id=5) 97CEF0204F8443AB2ADFCEC0792EAAB7 {

}
[1777366025.403][DEBUG]: DevTools WebSocket Response: Page.enable (id=75) 2846F8E841F44724619BCD3FFD3274CC {

}
[1777366025.403][DEBUG]: DevTools WebSocket Command: Runtime.enable (id=6) 97CEF0204F8443AB2ADFCEC0792EAAB7 {

}
[1777366025.404][DEBUG]: DevTools WebSocket Event: Runtime.executionContextCreated 97CEF0204F8443AB2ADFCEC0792EAAB7 {
   "context": {
      "auxData": {
         "frameId": "265ADCE935A4E83BD8FB0B28CC09D17C",
         "isDefault": true,
         "type": "default"
      },
      "id": 2,
      "name": "",
      "origin": "://",
      "uniqueId": "-5649426605249842130.6384220132868557346"
   }
}
[1777366025.404][DEBUG]: DevTools WebSocket Event: Runtime.executionContextCreated 97CEF0204F8443AB2ADFCEC0792EAAB7 {
   "context": {
      "auxData": {
         "frameId": "BEF6BDFC4A1406BC84885DBF7F8DB1D8",
         "isDefault": true,
         "type": "default"
      },
      "id": 1,
      "name": "",
      "origin": "://",
      "uniqueId": "8338435623630849479.-5593274858607111339"
   }
}
[1777366025.404][DEBUG]: DevTools WebSocket Response: Runtime.enable (id=6) 97CEF0204F8443AB2ADFCEC0792EAAB7 {

}
[1777366025.404][DEBUG]: DevTools WebSocket Command: Page.enable (id=7) 97CEF0204F8443AB2ADFCEC0792EAAB7 {

}
[1777366025.405][DEBUG]: DevTools WebSocket Response: Page.enable (id=7) 97CEF0204F8443AB2ADFCEC0792EAAB7 {

}
[1777366025.405][INFO]: Waiting for pending navigations...
[1777366025.405][DEBUG]: DevTools WebSocket Command: Runtime.evaluate (id=76) 2846F8E841F44724619BCD3FFD3274CC {
   "expression": "1"
}
[1777366025.405][DEBUG]: DevTools WebSocket Response: Runtime.evaluate (id=76) 2846F8E841F44724619BCD3FFD3274CC {
   "result": {
      "description": "1",
      "type": "number",
      "value": 1
   }
}
[1777366025.405][DEBUG]: DevTools WebSocket Command: DOM.getDocument (id=77) 2846F8E841F44724619BCD3FFD3274CC {

}
[1777366025.406][DEBUG]: DevTools WebSocket Response: DOM.getDocument (id=77) 2846F8E841F44724619BCD3FFD3274CC {
   "root": {
      "backendNodeId": 279,
      "baseURL": "https://www.amazon.in/",
      "childNodeCount": 2,
      "children": [ {
         "backendNodeId": 280,
         "localName": "",
         "nodeId": 30,
         "nodeName": "html",
         "nodeType": 10,
         "nodeValue": "",
         "parentId": 29,
         "publicId": "",
         "systemId": ""
      }, {
         "attributes": [ "lang", "en-in", "class", "a-ws a-js a-audio a-video a-canvas a-svg a-drag-drop a-geolocation a-history a-webworker a-autofocus a-input-placeholder a-textarea-placeholder a-local-storage a-gradients a-transform3d a-touch-scr...", "data-19ax5a9jf", "dingo", "data-aui-build-date", "3.26.4-2026-04-23", "data-useragent", "Mozilla/5.0 (X11; Linux x86_64) AppleWebKit/537.36 (KHTML, like Gecko) Chrome/91.0.4472.77 Safari/537.36", "data-platform", "Linux x86_64", "style", "--al-scrollbar-color:#C1C1C1; --al-primary-color:#FFFFFF; --al-highlight-color:#FF6200; --al-text-color:#000000;" ],
         "backendNodeId": 281,
         "childNodeCount": 5,
         "children": [ {
            "backendNodeId": 282,
            "localName": "",
            "nodeId": 32,
            "nodeName": "#comment",
            "nodeType": 8,
            "nodeValue": " sp:feature:head-start ",
            "parentId": 31
         }, {
            "attributes": [  ],
            "backendNodeId": 283,
            "childNodeCount": 78,
            "localName": "head",
            "nodeId": 33,
            "nodeName": "HEAD",
            "nodeType": 1,
            "nodeValue": "",
            "parentId": 31
         }, {
            "backendNodeId": 284,
            "localName": "",
            "nodeId": 34,
            "nodeName": "#comment",
            "nodeType": 8,
            "nodeValue": " sp:end-feature:head-close ",
            "parentId": 31
         }, {
            "backendNodeId": 285,
            "localName": "",
            "nodeId": 35,
            "nodeName": "#comment",
            "nodeType": 8,
            "nodeValue": " sp:feature:start-body ",
            "parentId": 31
         }, {
            "attributes": [ "class", "a-aui_72554-c a-aui_template_weblab_cache_333406-c a-meter-animate" ],
            "backendNodeId": 286,
            "childNodeCount": 4,
            "localName": "body",
            "nodeId": 36,
            "nodeName": "BODY",
            "nodeType": 1,
            "nodeValue": "",
            "parentId": 31
         } ],
         "frameId": "2846F8E841F44724619BCD3FFD3274CC",
         "localName": "html",
         "nodeId": 31,
         "nodeName": "HTML",
         "nodeType": 1,
         "nodeValue": "",
         "parentId": 29
      } ],
      "documentURL": "https://www.amazon.in/",
      "localName": "",
      "nodeId": 29,
      "nodeName": "#document",
      "nodeType": 9,
      "nodeValue": "",
      "xmlVersion": ""
   }
}
[1777366025.406][DEBUG]: DevTools WebSocket Command: Runtime.evaluate (id=78) 2846F8E841F44724619BCD3FFD3274CC {
   "awaitPromise": false,
   "expression": "document.readyState",
   "returnByValue": true
}
[1777366025.407][DEBUG]: DevTools WebSocket Response: Runtime.evaluate (id=78) 2846F8E841F44724619BCD3FFD3274CC {
   "result": {
      "type": "string",
      "value": "complete"
   }
}
[1777366025.407][INFO]: Done waiting for pending navigations. Status: ok
[1777366025.410][DEBUG]: DevTools WebSocket Command: Runtime.evaluate (id=79) 2846F8E841F44724619BCD3FFD3274CC {
   "awaitPromise": true,
   "expression": "(function() { // Copyright (c) 2012 The Chromium Authors. All rights reserved.\n// Use of this source code is governed by a BSD-style license that can be\n// found in the LICENSE file.\n\n/**\n * Enum f...",
   "returnByValue": true
}
[1777366025.417][DEBUG]: DevTools WebSocket Response: Runtime.evaluate (id=79) 2846F8E841F44724619BCD3FFD3274CC {
   "result": {
      "type": "object",
      "value": {
         "status": 0,
         "value": {
            "element-6066-11e4-a52e-4f735466cecf": "f5a52e55-d069-49cd-85fe-4a4bea0421fe"
         }
      }
   }
}
[1777366025.417][INFO]: Waiting for pending navigations...
[1777366025.417][DEBUG]: DevTools WebSocket Command: Runtime.evaluate (id=80) 2846F8E841F44724619BCD3FFD3274CC {
   "expression": "1"
}
[1777366025.418][DEBUG]: DevTools WebSocket Response: Runtime.evaluate (id=80) 2846F8E841F44724619BCD3FFD3274CC {
   "result": {
      "description": "1",
      "type": "number",
      "value": 1
   }
}
[1777366025.418][INFO]: Done waiting for pending navigations. Status: ok
[1777366025.418][INFO]: [1f06e95b50b89884cf09928311c93952] RESPONSE FindElement {
   "element-6066-11e4-a52e-4f735466cecf": "f5a52e55-d069-49cd-85fe-4a4bea0421fe"
}
[1777366025.448][INFO]: [1f06e95b50b89884cf09928311c93952] COMMAND TypeElement {
   "id": "f5a52e55-d069-49cd-85fe-4a4bea0421fe",
   "text": "laptop",
   "value": [ "l", "a", "p", "t", "o", "p" ]
}
[1777366025.448][INFO]: Waiting for pending navigations...
[1777366025.448][DEBUG]: DevTools WebSocket Command: Runtime.evaluate (id=81) 2846F8E841F44724619BCD3FFD3274CC {
   "expression": "1"
}
[1777366025.449][DEBUG]: DevTools WebSocket Response: Runtime.evaluate (id=81) 2846F8E841F44724619BCD3FFD3274CC {
   "result": {
      "description": "1",
      "type": "number",
      "value": 1
   }
}
[1777366025.449][INFO]: Done waiting for pending navigations. Status: ok
[1777366025.451][DEBUG]: DevTools WebSocket Command: Runtime.evaluate (id=82) 2846F8E841F44724619BCD3FFD3274CC {
   "awaitPromise": true,
   "expression": "(function() { // Copyright (c) 2012 The Chromium Authors. All rights reserved.\n// Use of this source code is governed by a BSD-style license that can be\n// found in the LICENSE file.\n\n/**\n * Enum f...",
   "returnByValue": true
}
[1777366025.458][DEBUG]: DevTools WebSocket Response: Runtime.evaluate (id=82) 2846F8E841F44724619BCD3FFD3274CC {
   "result": {
      "type": "object",
      "value": {
         "status": 0,
         "value": "INPUT"
      }
   }
}
[1777366025.460][DEBUG]: DevTools WebSocket Command: Runtime.evaluate (id=83) 2846F8E841F44724619BCD3FFD3274CC {
   "awaitPromise": true,
   "expression": "(function() { // Copyright (c) 2012 The Chromium Authors. All rights reserved.\n// Use of this source code is governed by a BSD-style license that can be\n// found in the LICENSE file.\n\n/**\n * Enum f...",
   "returnByValue": true
}
[1777366025.466][DEBUG]: DevTools WebSocket Response: Runtime.evaluate (id=83) 2846F8E841F44724619BCD3FFD3274CC {
   "result": {
      "type": "object",
      "value": {
         "status": 0,
         "value": "text"
      }
   }
}
[1777366025.466][DEBUG]: DevTools WebSocket Command: Runtime.evaluate (id=84) 2846F8E841F44724619BCD3FFD3274CC {
   "awaitPromise": true,
   "expression": "(function() { // Copyright (c) 2012 The Chromium Authors. All rights reserved.\n// Use of this source code is governed by a BSD-style license that can be\n// found in the LICENSE file.\n\n/**\n * Enum f...",
   "returnByValue": true
}
[1777366025.468][DEBUG]: DevTools WebSocket Response: Runtime.evaluate (id=84) 2846F8E841F44724619BCD3FFD3274CC {
   "result": {
      "type": "object",
      "value": {
         "status": 0,
         "value": false
      }
   }
}
[1777366025.470][DEBUG]: DevTools WebSocket Command: Runtime.evaluate (id=85) 2846F8E841F44724619BCD3FFD3274CC {
   "awaitPromise": true,
   "expression": "(function() { // Copyright (c) 2012 The Chromium Authors. All rights reserved.\n// Use of this source code is governed by a BSD-style license that can be\n// found in the LICENSE file.\n\n/**\n * Enum f...",
   "returnByValue": true
}
[1777366025.473][DEBUG]: DevTools WebSocket Response: Runtime.evaluate (id=85) 2846F8E841F44724619BCD3FFD3274CC {
   "result": {
      "type": "object",
      "value": {
         "status": 0,
         "value": "INPUT"
      }
   }
}
[1777366025.473][DEBUG]: DevTools WebSocket Command: Runtime.evaluate (id=86) 2846F8E841F44724619BCD3FFD3274CC {
   "awaitPromise": false,
   "expression": "document.hasFocus()",
   "returnByValue": true
}
[1777366025.474][DEBUG]: DevTools WebSocket Response: Runtime.evaluate (id=86) 2846F8E841F44724619BCD3FFD3274CC {
   "result": {
      "type": "boolean",
      "value": true
   }
}
[1777366025.474][DEBUG]: DevTools WebSocket Command: Runtime.evaluate (id=87) 2846F8E841F44724619BCD3FFD3274CC {
   "awaitPromise": true,
   "expression": "(function() { // Copyright (c) 2012 The Chromium Authors. All rights reserved.\n// Use of this source code is governed by a BSD-style license that can be\n// found in the LICENSE file.\n\n/**\n * Enum f...",
   "returnByValue": true
}
[1777366025.476][DEBUG]: DevTools WebSocket Response: Runtime.evaluate (id=87) 2846F8E841F44724619BCD3FFD3274CC {
   "result": {
      "type": "object",
      "value": {
         "status": 0,
         "value": {
            "element-6066-11e4-a52e-4f735466cecf": "13a96050-e259-4597-ac5e-8e8459ce57b7"
         }
      }
   }
}
[1777366025.478][DEBUG]: DevTools WebSocket Command: Runtime.evaluate (id=88) 2846F8E841F44724619BCD3FFD3274CC {
   "awaitPromise": true,
   "expression": "(function() { // Copyright (c) 2012 The Chromium Authors. All rights reserved.\n// Use of this source code is governed by a BSD-style license that can be\n// found in the LICENSE file.\n\n/**\n * Enum f...",
   "returnByValue": true
}
[1777366025.487][DEBUG]: DevTools WebSocket Response: Runtime.evaluate (id=88) 2846F8E841F44724619BCD3FFD3274CC {
   "result": {
      "type": "object",
      "value": {
         "status": 0,
         "value": true
      }
   }
}
[1777366025.489][DEBUG]: DevTools WebSocket Command: Runtime.evaluate (id=89) 2846F8E841F44724619BCD3FFD3274CC {
   "awaitPromise": true,
   "expression": "(function() { // Copyright (c) 2012 The Chromium Authors. All rights reserved.\n// Use of this source code is governed by a BSD-style license that can be\n// found in the LICENSE file.\n\n/**\n * Enum f...",
   "returnByValue": true
}
[1777366025.494][DEBUG]: DevTools WebSocket Response: Runtime.evaluate (id=89) 2846F8E841F44724619BCD3FFD3274CC {
   "result": {
      "type": "object",
      "value": {
         "status": 0,
         "value": true
      }
   }
}
[1777366025.495][DEBUG]: DevTools WebSocket Command: Runtime.evaluate (id=90) 2846F8E841F44724619BCD3FFD3274CC {
   "awaitPromise": true,
   "expression": "(function() { // Copyright (c) 2012 The Chromium Authors. All rights reserved.\n// Use of this source code is governed by a BSD-style license that can be\n// found in the LICENSE file.\n\n/**\n * Enum f...",
   "returnByValue": true
}
[1777366025.520][DEBUG]: DevTools WebSocket Event: DOM.childNodeCountUpdated 2846F8E841F44724619BCD3FFD3274CC {
   "childNodeCount": 5,
   "nodeId": 36
}
[1777366025.520][DEBUG]: DevTools WebSocket Event: DOM.childNodeCountUpdated 2846F8E841F44724619BCD3FFD3274CC {
   "childNodeCount": 4,
   "nodeId": 36
}
[1777366025.521][DEBUG]: DevTools WebSocket Response: Runtime.evaluate (id=90) 2846F8E841F44724619BCD3FFD3274CC {
   "result": {
      "type": "object",
      "value": {
         "status": 0,
         "value": null
      }
   }
}
[1777366025.521][DEBUG]: DevTools WebSocket Command: Runtime.evaluate (id=91) 2846F8E841F44724619BCD3FFD3274CC {
   "awaitPromise": true,
   "expression": "(function() { // Copyright (c) 2012 The Chromium Authors. All rights reserved.\n// Use of this source code is governed by a BSD-style license that can be\n// found in the LICENSE file.\n\n/**\n * Enum f...",
   "returnByValue": true
}
[1777366025.533][DEBUG]: DevTools WebSocket Response: Runtime.evaluate (id=91) 2846F8E841F44724619BCD3FFD3274CC {
   "result": {
      "type": "object",
      "value": {
         "status": 0,
         "value": null
      }
   }
}
[1777366025.534][DEBUG]: DevTools WebSocket Command: Input.dispatchKeyEvent (id=92) 2846F8E841F44724619BCD3FFD3274CC {
   "code": "KeyL",
   "key": "l",
   "modifiers": 0,
   "text": "l",
   "type": "rawKeyDown",
   "unmodifiedText": "l",
   "windowsVirtualKeyCode": 76
}
[1777366025.534][DEBUG]: DevTools WebSocket Command: Input.dispatchKeyEvent (id=93) 2846F8E841F44724619BCD3FFD3274CC {
   "code": "KeyL",
   "key": "l",
   "modifiers": 0,
   "text": "l",
   "type": "char",
   "unmodifiedText": "l",
   "windowsVirtualKeyCode": 76
}
[1777366025.534][DEBUG]: DevTools WebSocket Command: Input.dispatchKeyEvent (id=94) 2846F8E841F44724619BCD3FFD3274CC {
   "code": "KeyL",
   "key": "l",
   "modifiers": 0,
   "text": "l",
   "type": "keyUp",
   "unmodifiedText": "l",
   "windowsVirtualKeyCode": 76
}
[1777366025.534][DEBUG]: DevTools WebSocket Command: Input.dispatchKeyEvent (id=95) 2846F8E841F44724619BCD3FFD3274CC {
   "code": "KeyA",
   "key": "a",
   "modifiers": 0,
   "text": "a",
   "type": "rawKeyDown",
   "unmodifiedText": "a",
   "windowsVirtualKeyCode": 65
}
[1777366025.534][DEBUG]: DevTools WebSocket Command: Input.dispatchKeyEvent (id=96) 2846F8E841F44724619BCD3FFD3274CC {
   "code": "KeyA",
   "key": "a",
   "modifiers": 0,
   "text": "a",
   "type": "char",
   "unmodifiedText": "a",
   "windowsVirtualKeyCode": 65
}
[1777366025.535][DEBUG]: DevTools WebSocket Command: Input.dispatchKeyEvent (id=97) 2846F8E841F44724619BCD3FFD3274CC {
   "code": "KeyA",
   "key": "a",
   "modifiers": 0,
   "text": "a",
   "type": "keyUp",
   "unmodifiedText": "a",
   "windowsVirtualKeyCode": 65
}
[1777366025.535][DEBUG]: DevTools WebSocket Command: Input.dispatchKeyEvent (id=98) 2846F8E841F44724619BCD3FFD3274CC {
   "code": "KeyP",
   "key": "p",
   "modifiers": 0,
   "text": "p",
   "type": "rawKeyDown",
   "unmodifiedText": "p",
   "windowsVirtualKeyCode": 80
}
[1777366025.535][DEBUG]: DevTools WebSocket Command: Input.dispatchKeyEvent (id=99) 2846F8E841F44724619BCD3FFD3274CC {
   "code": "KeyP",
   "key": "p",
   "modifiers": 0,
   "text": "p",
   "type": "char",
   "unmodifiedText": "p",
   "windowsVirtualKeyCode": 80
}
[1777366025.535][DEBUG]: DevTools WebSocket Command: Input.dispatchKeyEvent (id=100) 2846F8E841F44724619BCD3FFD3274CC {
   "code": "KeyP",
   "key": "p",
   "modifiers": 0,
   "text": "p",
   "type": "keyUp",
   "unmodifiedText": "p",
   "windowsVirtualKeyCode": 80
}
[1777366025.535][DEBUG]: DevTools WebSocket Command: Input.dispatchKeyEvent (id=101) 2846F8E841F44724619BCD3FFD3274CC {
   "code": "KeyT",
   "key": "t",
   "modifiers": 0,
   "text": "t",
   "type": "rawKeyDown",
   "unmodifiedText": "t",
   "windowsVirtualKeyCode": 84
}
[1777366025.535][DEBUG]: DevTools WebSocket Command: Input.dispatchKeyEvent (id=102) 2846F8E841F44724619BCD3FFD3274CC {
   "code": "KeyT",
   "key": "t",
   "modifiers": 0,
   "text": "t",
   "type": "char",
   "unmodifiedText": "t",
   "windowsVirtualKeyCode": 84
}
[1777366025.535][DEBUG]: DevTools WebSocket Command: Input.dispatchKeyEvent (id=103) 2846F8E841F44724619BCD3FFD3274CC {
   "code": "KeyT",
   "key": "t",
   "modifiers": 0,
   "text": "t",
   "type": "keyUp",
   "unmodifiedText": "t",
   "windowsVirtualKeyCode": 84
}
[1777366025.536][DEBUG]: DevTools WebSocket Command: Input.dispatchKeyEvent (id=104) 2846F8E841F44724619BCD3FFD3274CC {
   "code": "KeyO",
   "key": "o",
   "modifiers": 0,
   "text": "o",
   "type": "rawKeyDown",
   "unmodifiedText": "o",
   "windowsVirtualKeyCode": 79
}
[1777366025.536][DEBUG]: DevTools WebSocket Command: Input.dispatchKeyEvent (id=105) 2846F8E841F44724619BCD3FFD3274CC {
   "code": "KeyO",
   "key": "o",
   "modifiers": 0,
   "text": "o",
   "type": "char",
   "unmodifiedText": "o",
   "windowsVirtualKeyCode": 79
}
[1777366025.536][DEBUG]: DevTools WebSocket Command: Input.dispatchKeyEvent (id=106) 2846F8E841F44724619BCD3FFD3274CC {
   "code": "KeyO",
   "key": "o",
   "modifiers": 0,
   "text": "o",
   "type": "keyUp",
   "unmodifiedText": "o",
   "windowsVirtualKeyCode": 79
}
[1777366025.536][DEBUG]: DevTools WebSocket Command: Input.dispatchKeyEvent (id=107) 2846F8E841F44724619BCD3FFD3274CC {
   "code": "KeyP",
   "key": "p",
   "modifiers": 0,
   "text": "p",
   "type": "rawKeyDown",
   "unmodifiedText": "p",
   "windowsVirtualKeyCode": 80
}
[1777366025.537][DEBUG]: DevTools WebSocket Command: Input.dispatchKeyEvent (id=108) 2846F8E841F44724619BCD3FFD3274CC {
   "code": "KeyP",
   "key": "p",
   "modifiers": 0,
   "text": "p",
   "type": "char",
   "unmodifiedText": "p",
   "windowsVirtualKeyCode": 80
}
[1777366025.537][DEBUG]: DevTools WebSocket Command: Input.dispatchKeyEvent (id=109) 2846F8E841F44724619BCD3FFD3274CC {
   "code": "KeyP",
   "key": "p",
   "modifiers": 0,
   "text": "p",
   "type": "keyUp",
   "unmodifiedText": "p",
   "windowsVirtualKeyCode": 80
}
[1777366025.555][DEBUG]: DevTools WebSocket Response: Input.dispatchKeyEvent (id=92) 2846F8E841F44724619BCD3FFD3274CC {

}
[1777366025.562][DEBUG]: DevTools WebSocket Response: Input.dispatchKeyEvent (id=93) 2846F8E841F44724619BCD3FFD3274CC {

}
[1777366025.563][DEBUG]: DevTools WebSocket Response: Input.dispatchKeyEvent (id=94) 2846F8E841F44724619BCD3FFD3274CC {

}
[1777366025.564][DEBUG]: DevTools WebSocket Response: Input.dispatchKeyEvent (id=95) 2846F8E841F44724619BCD3FFD3274CC {

}
[1777366025.572][DEBUG]: DevTools WebSocket Response: Input.dispatchKeyEvent (id=96) 2846F8E841F44724619BCD3FFD3274CC {

}
[1777366025.572][DEBUG]: DevTools WebSocket Response: Input.dispatchKeyEvent (id=97) 2846F8E841F44724619BCD3FFD3274CC {

}
[1777366025.573][DEBUG]: DevTools WebSocket Response: Input.dispatchKeyEvent (id=98) 2846F8E841F44724619BCD3FFD3274CC {

}
[1777366025.579][DEBUG]: DevTools WebSocket Response: Input.dispatchKeyEvent (id=99) 2846F8E841F44724619BCD3FFD3274CC {

}
[1777366025.579][DEBUG]: DevTools WebSocket Response: Input.dispatchKeyEvent (id=100) 2846F8E841F44724619BCD3FFD3274CC {

}
[1777366025.581][DEBUG]: DevTools WebSocket Response: Input.dispatchKeyEvent (id=101) 2846F8E841F44724619BCD3FFD3274CC {

}
[1777366025.589][DEBUG]: DevTools WebSocket Response: Input.dispatchKeyEvent (id=102) 2846F8E841F44724619BCD3FFD3274CC {

}
[1777366025.589][DEBUG]: DevTools WebSocket Response: Input.dispatchKeyEvent (id=103) 2846F8E841F44724619BCD3FFD3274CC {

}
[1777366025.590][DEBUG]: DevTools WebSocket Response: Input.dispatchKeyEvent (id=104) 2846F8E841F44724619BCD3FFD3274CC {

}
[1777366025.595][DEBUG]: DevTools WebSocket Response: Input.dispatchKeyEvent (id=105) 2846F8E841F44724619BCD3FFD3274CC {

}
[1777366025.595][DEBUG]: DevTools WebSocket Response: Input.dispatchKeyEvent (id=106) 2846F8E841F44724619BCD3FFD3274CC {

}
[1777366025.596][DEBUG]: DevTools WebSocket Response: Input.dispatchKeyEvent (id=107) 2846F8E841F44724619BCD3FFD3274CC {

}
[1777366025.602][DEBUG]: DevTools WebSocket Response: Input.dispatchKeyEvent (id=108) 2846F8E841F44724619BCD3FFD3274CC {

}
[1777366025.602][DEBUG]: DevTools WebSocket Response: Input.dispatchKeyEvent (id=109) 2846F8E841F44724619BCD3FFD3274CC {

}
[1777366025.602][INFO]: Waiting for pending navigations...
[1777366025.602][DEBUG]: DevTools WebSocket Command: Runtime.evaluate (id=110) 2846F8E841F44724619BCD3FFD3274CC {
   "expression": "1"
}
[1777366025.612][DEBUG]: DevTools WebSocket Response: Runtime.evaluate (id=110) 2846F8E841F44724619BCD3FFD3274CC {
   "result": {
      "description": "1",
      "type": "number",
      "value": 1
   }
}
[1777366025.612][INFO]: Done waiting for pending navigations. Status: ok
[1777366025.612][INFO]: [1f06e95b50b89884cf09928311c93952] RESPONSE TypeElement
[1777366025.637][INFO]: [1f06e95b50b89884cf09928311c93952] COMMAND ExecuteScript {
   "args": [ {
      "element-6066-11e4-a52e-4f735466cecf": "f5a52e55-d069-49cd-85fe-4a4bea0421fe"
   } ],
   "script": "var form = arguments[0];\nwhile (form.nodeName != \"FORM\" && form.parentNode) {\n  form = form.parentNode;\n}\nif (!form) { throw Error('Unable to find containing form element'); }\nif (!form.ownerDocument) { throw Error('Unable to find owning document'); }\nvar e = form.ownerDocument.createEvent('Event');\ne.initEvent('submit', true, true);\nif (form.dispatchEvent(e)) { HTMLFormElement.prototype.submit.call(form) }\n"
}
[1777366025.637][INFO]: Waiting for pending navigations...
[1777366025.637][DEBUG]: DevTools WebSocket Command: Runtime.evaluate (id=111) 2846F8E841F44724619BCD3FFD3274CC {
   "expression": "1"
}
[1777366025.644][DEBUG]: DevTools WebSocket Response: Runtime.evaluate (id=111) 2846F8E841F44724619BCD3FFD3274CC {
   "result": {
      "description": "1",
      "type": "number",
      "value": 1
   }
}
[1777366025.644][INFO]: Done waiting for pending navigations. Status: ok
[1777366025.645][DEBUG]: DevTools WebSocket Command: Runtime.evaluate (id=112) 2846F8E841F44724619BCD3FFD3274CC {
   "awaitPromise": true,
   "expression": "(function() { // Copyright (c) 2012 The Chromium Authors. All rights reserved.\n// Use of this source code is governed by a BSD-style license that can be\n// found in the LICENSE file.\n\n/**\n * Enum f...",
   "returnByValue": true
}
[1777366025.652][DEBUG]: DevTools WebSocket Response: Runtime.evaluate (id=112) 2846F8E841F44724619BCD3FFD3274CC {
   "result": {
      "type": "object",
      "value": {
         "status": 0,
         "value": null
      }
   }
}
[1777366025.652][INFO]: Waiting for pending navigations...
[1777366025.652][DEBUG]: DevTools WebSocket Command: Runtime.evaluate (id=113) 2846F8E841F44724619BCD3FFD3274CC {
   "expression": "1"
}
[1777366025.667][DEBUG]: DevTools WebSocket Event: Page.frameScheduledNavigation 2846F8E841F44724619BCD3FFD3274CC {
   "delay": 0,
   "frameId": "2846F8E841F44724619BCD3FFD3274CC",
   "reason": "formSubmissionGet",
   "url": "https://www.amazon.in/s/ref=nb_sb_noss?url=search-alias%3Daps&field-keywords=laptop"
}
[1777366025.667][DEBUG]: DevTools WebSocket Event: Page.frameRequestedNavigation 2846F8E841F44724619BCD3FFD3274CC {
   "disposition": "currentTab",
   "frameId": "2846F8E841F44724619BCD3FFD3274CC",
   "reason": "formSubmissionGet",
   "url": "https://www.amazon.in/s/ref=nb_sb_noss?url=search-alias%3Daps&field-keywords=laptop"
}
[1777366025.678][DEBUG]: DevTools WebSocket Event: Page.frameStartedLoading 2846F8E841F44724619BCD3FFD3274CC {
   "frameId": "2846F8E841F44724619BCD3FFD3274CC"
}
[1777366025.687][DEBUG]: DevTools WebSocket Event: Page.frameClearedScheduledNavigation 2846F8E841F44724619BCD3FFD3274CC {
   "frameId": "2846F8E841F44724619BCD3FFD3274CC"
}
[1777366025.687][DEBUG]: DevTools WebSocket Response: Runtime.evaluate (id=113) 2846F8E841F44724619BCD3FFD3274CC {
   "result": {
      "description": "1",
      "type": "number",
      "value": 1
   }
}
[1777366025.877][DEBUG]: DevTools WebSocket Event: Target.detachedFromTarget 2846F8E841F44724619BCD3FFD3274CC {
   "sessionId": "2B0828DECF2BF60353E207D9699837F4",
   "targetId": "725B1879849A0A4BE0AA3F900E24556A"
}
[1777366025.877][DEBUG]: DevTools WebSocket Command: Runtime.evaluate (id=114) 2846F8E841F44724619BCD3FFD3274CC {
   "expression": "1"
}
[1777366025.902][DEBUG]: DevTools WebSocket Event: Target.detachedFromTarget 2846F8E841F44724619BCD3FFD3274CC {
   "sessionId": "97CEF0204F8443AB2ADFCEC0792EAAB7",
   "targetId": "BEF6BDFC4A1406BC84885DBF7F8DB1D8"
}
[1777366025.938][DEBUG]: DevTools WebSocket Event: Runtime.executionContextsCleared 2846F8E841F44724619BCD3FFD3274CC {

}
[1777366025.938][DEBUG]: DevTools WebSocket Event: Page.frameNavigated 2846F8E841F44724619BCD3FFD3274CC {
   "frame": {
      "adFrameType": "none",
      "crossOriginIsolatedContextType": "NotIsolated",
      "domainAndRegistry": "amazon.in",
      "gatedAPIFeatures": [ "SharedArrayBuffersTransferAllowed" ],
      "id": "2846F8E841F44724619BCD3FFD3274CC",
      "loaderId": "8D0681B1F1DCC25F415D87454F4C1221",
      "mimeType": "text/html",
      "secureContextType": "Secure",
      "securityOrigin": "https://www.amazon.in",
      "url": "https://www.amazon.in/s/ref=nb_sb_noss?url=search-alias%3Daps&field-keywords=laptop"
   }
}
[1777366025.938][DEBUG]: DevTools WebSocket Event: Runtime.executionContextCreated 2846F8E841F44724619BCD3FFD3274CC {
   "context": {
      "auxData": {
         "frameId": "2846F8E841F44724619BCD3FFD3274CC",
         "isDefault": true,
         "type": "default"
      },
      "id": 3,
      "name": "",
      "origin": "https://www.amazon.in",
      "uniqueId": "-5300578372887561264.8623069243175273395"
   }
}
[1777366025.938][DEBUG]: DevTools WebSocket Event: DOM.documentUpdated 2846F8E841F44724619BCD3FFD3274CC {

}
[1777366025.938][DEBUG]: DevTools WebSocket Command: DOM.getDocument (id=115) 2846F8E841F44724619BCD3FFD3274CC {

}
[1777366025.939][DEBUG]: DevTools WebSocket Response: Runtime.evaluate (id=114) 2846F8E841F44724619BCD3FFD3274CC {
   "result": {
      "description": "1",
      "type": "number",
      "value": 1
   }
}
[1777366025.972][DEBUG]: DevTools WebSocket Response: DOM.getDocument (id=115) 2846F8E841F44724619BCD3FFD3274CC {
   "root": {
      "backendNodeId": 561,
      "baseURL": "https://www.amazon.in/s/ref=nb_sb_noss?url=search-alias%3Daps&field-keywords=laptop",
      "childNodeCount": 2,
      "children": [ {
         "backendNodeId": 562,
         "localName": "",
         "nodeId": 38,
         "nodeName": "html",
         "nodeType": 10,
         "nodeValue": "",
         "parentId": 37,
         "publicId": "",
         "systemId": ""
      }, {
         "attributes": [ "lang", "en-in", "class", "a-no-js", "data-19ax5a9jf", "dingo" ],
         "backendNodeId": 563,
         "childNodeCount": 2,
         "children": [ {
            "backendNodeId": 564,
            "localName": "",
            "nodeId": 40,
            "nodeName": "#comment",
            "nodeType": 8,
            "nodeValue": " sp:feature:head-start ",
            "parentId": 39
         }, {
            "attributes": [  ],
            "backendNodeId": 565,
            "childNodeCount": 20,
            "localName": "head",
            "nodeId": 41,
            "nodeName": "HEAD",
            "nodeType": 1,
            "nodeValue": "",
            "parentId": 39
         } ],
         "frameId": "2846F8E841F44724619BCD3FFD3274CC",
         "localName": "html",
         "nodeId": 39,
         "nodeName": "HTML",
         "nodeType": 1,
         "nodeValue": "",
         "parentId": 37
      } ],
      "documentURL": "https://www.amazon.in/s/ref=nb_sb_noss?url=search-alias%3Daps&field-keywords=laptop",
      "localName": "",
      "nodeId": 37,
      "nodeName": "#document",
      "nodeType": 9,
      "nodeValue": "",
      "xmlVersion": ""
   }
}
[1777366025.972][DEBUG]: DevTools WebSocket Command: Runtime.evaluate (id=116) 2846F8E841F44724619BCD3FFD3274CC {
   "expression": "1"
}
[1777366025.992][DEBUG]: DevTools WebSocket Response: Runtime.evaluate (id=116) 2846F8E841F44724619BCD3FFD3274CC {
   "result": {
      "description": "1",
      "type": "number",
      "value": 1
   }
}
[1777366026.021][DEBUG]: DevTools WebSocket Event: DOM.attributeModified 2846F8E841F44724619BCD3FFD3274CC {
   "name": "class",
   "nodeId": 39,
   "value": "a-no-js a-ws"
}
[1777366026.022][DEBUG]: DevTools WebSocket Event: DOM.attributeModified 2846F8E841F44724619BCD3FFD3274CC {
   "name": "class",
   "nodeId": 39,
   "value": "a-ws"
}
[1777366026.022][DEBUG]: DevTools WebSocket Command: Runtime.evaluate (id=117) 2846F8E841F44724619BCD3FFD3274CC {
   "expression": "1"
}
[1777366026.022][DEBUG]: DevTools WebSocket Event: DOM.attributeModified 2846F8E841F44724619BCD3FFD3274CC {
   "name": "class",
   "nodeId": 39,
   "value": "a-ws a-js"
}
[1777366026.022][DEBUG]: DevTools WebSocket Event: DOM.attributeModified 2846F8E841F44724619BCD3FFD3274CC {
   "name": "class",
   "nodeId": 39,
   "value": "a-ws a-js a-audio a-video a-canvas a-svg a-drag-drop a-geolocation a-history a-webworker a-autofocus a-input-placeholder a-textarea-placeholder a-local-storage a-gradients a-transform3d a-touch-scr..."
}
[1777366026.022][DEBUG]: DevTools WebSocket Event: DOM.attributeModified 2846F8E841F44724619BCD3FFD3274CC {
   "name": "data-aui-build-date",
   "nodeId": 39,
   "value": "3.26.4-2026-04-23"
}
[1777366026.022][DEBUG]: DevTools WebSocket Event: DOM.attributeModified 2846F8E841F44724619BCD3FFD3274CC {
   "name": "class",
   "nodeId": 39,
   "value": "a-ws a-js a-audio a-video a-canvas a-svg a-drag-drop a-geolocation a-history a-webworker a-autofocus a-input-placeholder a-textarea-placeholder a-local-storage a-gradients a-transform3d a-touch-scr..."
}
[1777366026.022][DEBUG]: DevTools WebSocket Event: DOM.childNodeCountUpdated 2846F8E841F44724619BCD3FFD3274CC {
   "childNodeCount": 21,
   "nodeId": 41
}
[1777366026.023][DEBUG]: DevTools WebSocket Event: DOM.childNodeCountUpdated 2846F8E841F44724619BCD3FFD3274CC {
   "childNodeCount": 22,
   "nodeId": 41
}
[1777366026.023][DEBUG]: DevTools WebSocket Event: DOM.childNodeCountUpdated 2846F8E841F44724619BCD3FFD3274CC {
   "childNodeCount": 23,
   "nodeId": 41
}
[1777366026.023][DEBUG]: DevTools WebSocket Event: DOM.childNodeCountUpdated 2846F8E841F44724619BCD3FFD3274CC {
   "childNodeCount": 24,
   "nodeId": 41
}
[1777366026.023][DEBUG]: DevTools WebSocket Event: DOM.childNodeCountUpdated 2846F8E841F44724619BCD3FFD3274CC {
   "childNodeCount": 25,
   "nodeId": 41
}
[1777366026.023][DEBUG]: DevTools WebSocket Event: DOM.childNodeCountUpdated 2846F8E841F44724619BCD3FFD3274CC {
   "childNodeCount": 26,
   "nodeId": 41
}
[1777366026.024][DEBUG]: DevTools WebSocket Event: DOM.childNodeCountUpdated 2846F8E841F44724619BCD3FFD3274CC {
   "childNodeCount": 27,
   "nodeId": 41
}
[1777366026.024][DEBUG]: DevTools WebSocket Event: DOM.childNodeCountUpdated 2846F8E841F44724619BCD3FFD3274CC {
   "childNodeCount": 28,
   "nodeId": 41
}
[1777366026.027][DEBUG]: DevTools WebSocket Response: Runtime.evaluate (id=117) 2846F8E841F44724619BCD3FFD3274CC {
   "result": {
      "description": "1",
      "type": "number",
      "value": 1
   }
}
[1777366026.106][DEBUG]: DevTools WebSocket Event: DOM.childNodeCountUpdated 2846F8E841F44724619BCD3FFD3274CC {
   "childNodeCount": 29,
   "nodeId": 41
}
[1777366026.106][DEBUG]: DevTools WebSocket Event: DOM.childNodeCountUpdated 2846F8E841F44724619BCD3FFD3274CC {
   "childNodeCount": 30,
   "nodeId": 41
}
[1777366026.106][DEBUG]: DevTools WebSocket Event: DOM.childNodeCountUpdated 2846F8E841F44724619BCD3FFD3274CC {
   "childNodeCount": 31,
   "nodeId": 41
}
[1777366026.106][DEBUG]: DevTools WebSocket Event: DOM.childNodeCountUpdated 2846F8E841F44724619BCD3FFD3274CC {
   "childNodeCount": 32,
   "nodeId": 41
}
[1777366026.106][DEBUG]: DevTools WebSocket Event: DOM.childNodeCountUpdated 2846F8E841F44724619BCD3FFD3274CC {
   "childNodeCount": 33,
   "nodeId": 41
}
[1777366026.106][DEBUG]: DevTools WebSocket Event: DOM.childNodeCountUpdated 2846F8E841F44724619BCD3FFD3274CC {
   "childNodeCount": 34,
   "nodeId": 41
}
[1777366026.106][DEBUG]: DevTools WebSocket Event: DOM.childNodeCountUpdated 2846F8E841F44724619BCD3FFD3274CC {
   "childNodeCount": 35,
   "nodeId": 41
}
[1777366026.106][DEBUG]: DevTools WebSocket Event: DOM.childNodeCountUpdated 2846F8E841F44724619BCD3FFD3274CC {
   "childNodeCount": 36,
   "nodeId": 41
}
[1777366026.106][DEBUG]: DevTools WebSocket Event: DOM.childNodeCountUpdated 2846F8E841F44724619BCD3FFD3274CC {
   "childNodeCount": 37,
   "nodeId": 41
}
[1777366026.106][DEBUG]: DevTools WebSocket Event: DOM.childNodeCountUpdated 2846F8E841F44724619BCD3FFD3274CC {
   "childNodeCount": 38,
   "nodeId": 41
}
[1777366026.106][DEBUG]: DevTools WebSocket Event: DOM.childNodeCountUpdated 2846F8E841F44724619BCD3FFD3274CC {
   "childNodeCount": 39,
   "nodeId": 41
}
[1777366026.106][DEBUG]: DevTools WebSocket Event: DOM.childNodeCountUpdated 2846F8E841F44724619BCD3FFD3274CC {
   "childNodeCount": 40,
   "nodeId": 41
}
[1777366026.106][DEBUG]: DevTools WebSocket Event: DOM.childNodeCountUpdated 2846F8E841F44724619BCD3FFD3274CC {
   "childNodeCount": 41,
   "nodeId": 41
}
[1777366026.106][DEBUG]: DevTools WebSocket Event: DOM.childNodeCountUpdated 2846F8E841F44724619BCD3FFD3274CC {
   "childNodeCount": 42,
   "nodeId": 41
}
[1777366026.106][DEBUG]: DevTools WebSocket Event: DOM.childNodeCountUpdated 2846F8E841F44724619BCD3FFD3274CC {
   "childNodeCount": 43,
   "nodeId": 41
}
[1777366026.106][DEBUG]: DevTools WebSocket Event: DOM.childNodeCountUpdated 2846F8E841F44724619BCD3FFD3274CC {
   "childNodeCount": 44,
   "nodeId": 41
}
[1777366026.106][DEBUG]: DevTools WebSocket Event: DOM.childNodeCountUpdated 2846F8E841F44724619BCD3FFD3274CC {
   "childNodeCount": 45,
   "nodeId": 41
}
[1777366026.106][DEBUG]: DevTools WebSocket Event: DOM.childNodeCountUpdated 2846F8E841F44724619BCD3FFD3274CC {
   "childNodeCount": 46,
   "nodeId": 41
}
[1777366026.106][DEBUG]: DevTools WebSocket Event: DOM.childNodeCountUpdated 2846F8E841F44724619BCD3FFD3274CC {
   "childNodeCount": 47,
   "nodeId": 41
}
[1777366026.106][DEBUG]: DevTools WebSocket Event: DOM.childNodeCountUpdated 2846F8E841F44724619BCD3FFD3274CC {
   "childNodeCount": 48,
   "nodeId": 41
}
[1777366026.106][DEBUG]: DevTools WebSocket Event: DOM.childNodeCountUpdated 2846F8E841F44724619BCD3FFD3274CC {
   "childNodeCount": 49,
   "nodeId": 41
}
[1777366026.106][DEBUG]: DevTools WebSocket Event: DOM.childNodeCountUpdated 2846F8E841F44724619BCD3FFD3274CC {
   "childNodeCount": 50,
   "nodeId": 41
}
[1777366026.106][DEBUG]: DevTools WebSocket Event: DOM.childNodeCountUpdated 2846F8E841F44724619BCD3FFD3274CC {
   "childNodeCount": 51,
   "nodeId": 41
}
[1777366026.106][DEBUG]: DevTools WebSocket Event: DOM.childNodeCountUpdated 2846F8E841F44724619BCD3FFD3274CC {
   "childNodeCount": 52,
   "nodeId": 41
}
[1777366026.106][DEBUG]: DevTools WebSocket Event: DOM.childNodeCountUpdated 2846F8E841F44724619BCD3FFD3274CC {
   "childNodeCount": 53,
   "nodeId": 41
}
[1777366026.106][DEBUG]: DevTools WebSocket Event: DOM.childNodeCountUpdated 2846F8E841F44724619BCD3FFD3274CC {
   "childNodeCount": 54,
   "nodeId": 41
}
[1777366026.106][DEBUG]: DevTools WebSocket Event: DOM.childNodeInserted 2846F8E841F44724619BCD3FFD3274CC {
   "node": {
      "backendNodeId": 566,
      "localName": "",
      "nodeId": 42,
      "nodeName": "#comment",
      "nodeType": 8,
      "nodeValue": " sp:end-feature:head-close "
   },
   "parentNodeId": 39,
   "previousNodeId": 41
}
[1777366026.106][DEBUG]: DevTools WebSocket Event: DOM.childNodeInserted 2846F8E841F44724619BCD3FFD3274CC {
   "node": {
      "backendNodeId": 567,
      "localName": "",
      "nodeId": 43,
      "nodeName": "#comment",
      "nodeType": 8,
      "nodeValue": " sp:feature:start-body "
   },
   "parentNodeId": 39,
   "previousNodeId": 42
}
[1777366026.106][DEBUG]: DevTools WebSocket Event: DOM.childNodeInserted 2846F8E841F44724619BCD3FFD3274CC {
   "node": {
      "attributes": [ "class", "a-aui_72554-c a-aui_template_weblab_cache_333406-c" ],
      "backendNodeId": 568,
      "childNodeCount": 0,
      "localName": "body",
      "nodeId": 44,
      "nodeName": "BODY",
      "nodeType": 1,
      "nodeValue": ""
   },
   "parentNodeId": 39,
   "previousNodeId": 43
}
[1777366026.106][DEBUG]: DevTools WebSocket Event: DOM.childNodeCountUpdated 2846F8E841F44724619BCD3FFD3274CC {
   "childNodeCount": 1,
   "nodeId": 44
}
[1777366026.106][DEBUG]: DevTools WebSocket Command: Runtime.evaluate (id=118) 2846F8E841F44724619BCD3FFD3274CC {
   "expression": "1"
}
[1777366026.146][DEBUG]: DevTools WebSocket Response: Runtime.evaluate (id=118) 2846F8E841F44724619BCD3FFD3274CC {
   "result": {
      "description": "1",
      "type": "number",
      "value": 1
   }
}
[1777366026.243][DEBUG]: DevTools WebSocket Event: Page.navigatedWithinDocument 2846F8E841F44724619BCD3FFD3274CC {
   "frameId": "2846F8E841F44724619BCD3FFD3274CC",
   "url": "https://www.amazon.in/s?k=laptop&ref=nb_sb_noss"
}
[1777366026.243][DEBUG]: DevTools WebSocket Command: Runtime.evaluate (id=119) 2846F8E841F44724619BCD3FFD3274CC {
   "expression": "1"
}
[1777366026.251][DEBUG]: DevTools WebSocket Response: Runtime.evaluate (id=119) 2846F8E841F44724619BCD3FFD3274CC {
   "result": {
      "description": "1",
      "type": "number",
      "value": 1
   }
}
[1777366026.294][DEBUG]: DevTools WebSocket Event: Page.frameResized 2846F8E841F44724619BCD3FFD3274CC {

}
[1777366026.294][DEBUG]: DevTools WebSocket Command: Runtime.evaluate (id=120) 2846F8E841F44724619BCD3FFD3274CC {
   "expression": "1"
}
[1777366026.308][DEBUG]: DevTools WebSocket Response: Runtime.evaluate (id=120) 2846F8E841F44724619BCD3FFD3274CC {
   "result": {
      "description": "1",
      "type": "number",
      "value": 1
   }
}
[1777366026.493][DEBUG]: DevTools WebSocket Event: DOM.childNodeCountUpdated 2846F8E841F44724619BCD3FFD3274CC {
   "childNodeCount": 55,
   "nodeId": 41
}
[1777366026.493][DEBUG]: DevTools WebSocket Command: Runtime.evaluate (id=121) 2846F8E841F44724619BCD3FFD3274CC {
   "expression": "1"
}
[1777366026.514][DEBUG]: DevTools WebSocket Response: Runtime.evaluate (id=121) 2846F8E841F44724619BCD3FFD3274CC {
   "result": {
      "description": "1",
      "type": "number",
      "value": 1
   }
}
[1777366026.605][DEBUG]: DevTools WebSocket Event: DOM.childNodeCountUpdated 2846F8E841F44724619BCD3FFD3274CC {
   "childNodeCount": 56,
   "nodeId": 41
}
[1777366026.605][DEBUG]: DevTools WebSocket Command: Runtime.evaluate (id=122) 2846F8E841F44724619BCD3FFD3274CC {
   "expression": "1"
}
[1777366026.669][DEBUG]: DevTools WebSocket Response: Runtime.evaluate (id=122) 2846F8E841F44724619BCD3FFD3274CC {
   "result": {
      "description": "1",
      "type": "number",
      "value": 1
   }
}
[1777366026.697][DEBUG]: DevTools WebSocket Event: DOM.childNodeCountUpdated 2846F8E841F44724619BCD3FFD3274CC {
   "childNodeCount": 57,
   "nodeId": 41
}
[1777366026.697][DEBUG]: DevTools WebSocket Command: Runtime.evaluate (id=123) 2846F8E841F44724619BCD3FFD3274CC {
   "expression": "1"
}
[1777366026.712][DEBUG]: DevTools WebSocket Response: Runtime.evaluate (id=123) 2846F8E841F44724619BCD3FFD3274CC {
   "result": {
      "description": "1",
      "type": "number",
      "value": 1
   }
}
[1777366026.938][DEBUG]: DevTools WebSocket Event: DOM.childNodeCountUpdated 2846F8E841F44724619BCD3FFD3274CC {
   "childNodeCount": 58,
   "nodeId": 41
}
[1777366026.939][DEBUG]: DevTools WebSocket Command: Runtime.evaluate (id=124) 2846F8E841F44724619BCD3FFD3274CC {
   "expression": "1"
}
[1777366027.051][DEBUG]: DevTools WebSocket Response: Runtime.evaluate (id=124) 2846F8E841F44724619BCD3FFD3274CC {
   "result": {
      "description": "1",
      "type": "number",
      "value": 1
   }
}
[1777366027.097][DEBUG]: DevTools WebSocket Event: Page.frameAttached 2846F8E841F44724619BCD3FFD3274CC {
   "frameId": "6031EA9F5A3A07C1329773D279315998",
   "parentFrameId": "2846F8E841F44724619BCD3FFD3274CC"
}
[1777366027.098][DEBUG]: DevTools WebSocket Event: Page.frameStartedLoading 2846F8E841F44724619BCD3FFD3274CC {
   "frameId": "6031EA9F5A3A07C1329773D279315998"
}
[1777366027.098][DEBUG]: DevTools WebSocket Command: Runtime.evaluate (id=125) 2846F8E841F44724619BCD3FFD3274CC {
   "expression": "1"
}
[1777366027.107][DEBUG]: DevTools WebSocket Event: DOM.childNodeCountUpdated 2846F8E841F44724619BCD3FFD3274CC {
   "childNodeCount": 59,
   "nodeId": 41
}
[1777366027.107][DEBUG]: DevTools WebSocket Event: DOM.childNodeCountUpdated 2846F8E841F44724619BCD3FFD3274CC {
   "childNodeCount": 60,
   "nodeId": 41
}
[1777366027.108][DEBUG]: DevTools WebSocket Event: DOM.childNodeCountUpdated 2846F8E841F44724619BCD3FFD3274CC {
   "childNodeCount": 61,
   "nodeId": 41
}
[1777366027.108][DEBUG]: DevTools WebSocket Event: DOM.childNodeCountUpdated 2846F8E841F44724619BCD3FFD3274CC {
   "childNodeCount": 62,
   "nodeId": 41
}
[1777366027.142][DEBUG]: DevTools WebSocket Event: Page.frameNavigated 2846F8E841F44724619BCD3FFD3274CC {
   "frame": {
      "adFrameType": "none",
      "crossOriginIsolatedContextType": "NotIsolated",
      "domainAndRegistry": "",
      "gatedAPIFeatures": [ "SharedArrayBuffersTransferAllowed" ],
      "id": "6031EA9F5A3A07C1329773D279315998",
      "loaderId": "5FD13FA2BBAF204F36EB231A73D16D49",
      "mimeType": "text/html",
      "name": "",
      "parentId": "2846F8E841F44724619BCD3FFD3274CC",
      "secureContextType": "Secure",
      "securityOrigin": "://",
      "url": "about:srcdoc"
   }
}
[1777366027.142][DEBUG]: DevTools WebSocket Event: Runtime.executionContextCreated 2846F8E841F44724619BCD3FFD3274CC {
   "context": {
      "auxData": {
         "frameId": "6031EA9F5A3A07C1329773D279315998",
         "isDefault": true,
         "type": "default"
      },
      "id": 4,
      "name": "",
      "origin": "https://www.amazon.in",
      "uniqueId": "-1372479557570323937.4121348467383311353"
   }
}
[1777366027.142][DEBUG]: DevTools WebSocket Event: Page.frameStoppedLoading 2846F8E841F44724619BCD3FFD3274CC {
   "frameId": "6031EA9F5A3A07C1329773D279315998"
}
[1777366027.143][DEBUG]: DevTools WebSocket Response: Runtime.evaluate (id=125) 2846F8E841F44724619BCD3FFD3274CC {
   "result": {
      "description": "1",
      "type": "number",
      "value": 1
   }
}
[1777366027.238][DEBUG]: DevTools WebSocket Event: DOM.childNodeCountUpdated 2846F8E841F44724619BCD3FFD3274CC {
   "childNodeCount": 2,
   "nodeId": 44
}
[1777366027.238][DEBUG]: DevTools WebSocket Event: DOM.childNodeCountUpdated 2846F8E841F44724619BCD3FFD3274CC {
   "childNodeCount": 3,
   "nodeId": 44
}
[1777366027.238][DEBUG]: DevTools WebSocket Event: DOM.documentUpdated 2846F8E841F44724619BCD3FFD3274CC {

}
[1777366027.238][DEBUG]: DevTools WebSocket Command: DOM.getDocument (id=126) 2846F8E841F44724619BCD3FFD3274CC {

}
[1777366027.238][DEBUG]: DevTools WebSocket Event: Page.domContentEventFired 2846F8E841F44724619BCD3FFD3274CC {
   "timestamp": 8156.3405
}
[1777366027.238][DEBUG]: DevTools WebSocket Event: Page.frameScheduledNavigation 2846F8E841F44724619BCD3FFD3274CC {
   "delay": 0,
   "frameId": "6031EA9F5A3A07C1329773D279315998",
   "reason": "scriptInitiated",
   "url": "about:srcdoc"
}
[1777366027.238][DEBUG]: DevTools WebSocket Event: Page.frameRequestedNavigation 2846F8E841F44724619BCD3FFD3274CC {
   "disposition": "currentTab",
   "frameId": "6031EA9F5A3A07C1329773D279315998",
   "reason": "scriptInitiated",
   "url": "about:srcdoc"
}
[1777366027.238][DEBUG]: DevTools WebSocket Command: Runtime.evaluate (id=127) 2846F8E841F44724619BCD3FFD3274CC {
   "expression": "1"
}
[1777366027.239][DEBUG]: DevTools WebSocket Event: Page.frameStartedLoading 2846F8E841F44724619BCD3FFD3274CC {
   "frameId": "6031EA9F5A3A07C1329773D279315998"
}
[1777366027.240][DEBUG]: DevTools WebSocket Event: Page.frameClearedScheduledNavigation 2846F8E841F44724619BCD3FFD3274CC {
   "frameId": "6031EA9F5A3A07C1329773D279315998"
}
[1777366027.258][DEBUG]: DevTools WebSocket Response: DOM.getDocument (id=126) 2846F8E841F44724619BCD3FFD3274CC {
   "root": {
      "backendNodeId": 561,
      "baseURL": "https://www.amazon.in/s?k=laptop&ref=nb_sb_noss",
      "childNodeCount": 2,
      "children": [ {
         "backendNodeId": 562,
         "localName": "",
         "nodeId": 46,
         "nodeName": "html",
         "nodeType": 10,
         "nodeValue": "",
         "parentId": 45,
         "publicId": "",
         "systemId": ""
      }, {
         "attributes": [ "lang", "en-in", "class", "a-ws a-js a-audio a-video a-canvas a-svg a-drag-drop a-geolocation a-history a-webworker a-autofocus a-input-placeholder a-textarea-placeholder a-local-storage a-gradients a-transform3d a-touch-scr...", "data-19ax5a9jf", "dingo", "data-aui-build-date", "3.26.4-2026-04-23" ],
         "backendNodeId": 563,
         "childNodeCount": 5,
         "children": [ {
            "backendNodeId": 564,
            "localName": "",
            "nodeId": 48,
            "nodeName": "#comment",
            "nodeType": 8,
            "nodeValue": " sp:feature:head-start ",
            "parentId": 47
         }, {
            "attributes": [  ],
            "backendNodeId": 565,
            "childNodeCount": 62,
            "localName": "head",
            "nodeId": 49,
            "nodeName": "HEAD",
            "nodeType": 1,
            "nodeValue": "",
            "parentId": 47
         }, {
            "backendNodeId": 566,
            "localName": "",
            "nodeId": 50,
            "nodeName": "#comment",
            "nodeType": 8,
            "nodeValue": " sp:end-feature:head-close ",
            "parentId": 47
         }, {
            "backendNodeId": 567,
            "localName": "",
            "nodeId": 51,
            "nodeName": "#comment",
            "nodeType": 8,
            "nodeValue": " sp:feature:start-body ",
            "parentId": 47
         }, {
            "attributes": [ "class", "a-aui_72554-c a-aui_template_weblab_cache_333406-c" ],
            "backendNodeId": 568,
            "childNodeCount": 3,
            "localName": "body",
            "nodeId": 52,
            "nodeName": "BODY",
            "nodeType": 1,
            "nodeValue": "",
            "parentId": 47
         } ],
         "frameId": "2846F8E841F44724619BCD3FFD3274CC",
         "localName": "html",
         "nodeId": 47,
         "nodeName": "HTML",
         "nodeType": 1,
         "nodeValue": "",
         "parentId": 45
      } ],
      "documentURL": "https://www.amazon.in/s?k=laptop&ref=nb_sb_noss",
      "localName": "",
      "nodeId": 45,
      "nodeName": "#document",
      "nodeType": 9,
      "nodeValue": "",
      "xmlVersion": ""
   }
}
[1777366027.258][DEBUG]: DevTools WebSocket Response: Runtime.evaluate (id=127) 2846F8E841F44724619BCD3FFD3274CC {
   "result": {
      "description": "1",
      "type": "number",
      "value": 1
   }
}
[1777366027.264][DEBUG]: DevTools WebSocket Event: Runtime.executionContextDestroyed 2846F8E841F44724619BCD3FFD3274CC {
   "executionContextId": 4
}
[1777366027.264][DEBUG]: DevTools WebSocket Command: Runtime.evaluate (id=128) 2846F8E841F44724619BCD3FFD3274CC {
   "expression": "1"
}
[1777366027.264][DEBUG]: DevTools WebSocket Event: Page.frameNavigated 2846F8E841F44724619BCD3FFD3274CC {
   "frame": {
      "adFrameType": "none",
      "crossOriginIsolatedContextType": "NotIsolated",
      "domainAndRegistry": "",
      "gatedAPIFeatures": [ "SharedArrayBuffersTransferAllowed" ],
      "id": "6031EA9F5A3A07C1329773D279315998",
      "loaderId": "846FCC812A7C99F299531DE2B112B5D4",
      "mimeType": "text/html",
      "name": "",
      "parentId": "2846F8E841F44724619BCD3FFD3274CC",
      "secureContextType": "Secure",
      "securityOrigin": "://",
      "url": "about:srcdoc"
   }
}
[1777366027.264][DEBUG]: DevTools WebSocket Event: Runtime.executionContextCreated 2846F8E841F44724619BCD3FFD3274CC {
   "context": {
      "auxData": {
         "frameId": "6031EA9F5A3A07C1329773D279315998",
         "isDefault": true,
         "type": "default"
      },
      "id": 5,
      "name": "",
      "origin": "https://www.amazon.in",
      "uniqueId": "-2242052024538542658.-3094660910029640893"
   }
}
[1777366027.287][DEBUG]: DevTools WebSocket Event: DOM.childNodeCountUpdated 2846F8E841F44724619BCD3FFD3274CC {
   "childNodeCount": 4,
   "nodeId": 52
}
[1777366027.287][DEBUG]: DevTools WebSocket Event: DOM.childNodeCountUpdated 2846F8E841F44724619BCD3FFD3274CC {
   "childNodeCount": 3,
   "nodeId": 52
}
[1777366027.287][DEBUG]: DevTools WebSocket Event: DOM.childNodeInserted 2846F8E841F44724619BCD3FFD3274CC {
   "node": {
      "attributes": [  ],
      "backendNodeId": 754,
      "childNodeCount": 1,
      "localName": "div",
      "nodeId": 53,
      "nodeName": "DIV",
      "nodeType": 1,
      "nodeValue": ""
   },
   "parentNodeId": 47,
   "previousNodeId": 0
}
[1777366027.287][DEBUG]: DevTools WebSocket Event: DOM.childNodeRemoved 2846F8E841F44724619BCD3FFD3274CC {
   "nodeId": 53,
   "parentNodeId": 47
}
[1777366027.297][DEBUG]: DevTools WebSocket Response: Runtime.evaluate (id=128) 2846F8E841F44724619BCD3FFD3274CC {
   "result": {
      "description": "1",
      "type": "number",
      "value": 1
   }
}
[1777366027.393][DEBUG]: DevTools WebSocket Event: DOM.childNodeCountUpdated 2846F8E841F44724619BCD3FFD3274CC {
   "childNodeCount": 4,
   "nodeId": 52
}
[1777366027.393][DEBUG]: DevTools WebSocket Event: DOM.childNodeCountUpdated 2846F8E841F44724619BCD3FFD3274CC {
   "childNodeCount": 63,
   "nodeId": 49
}
[1777366027.393][DEBUG]: DevTools WebSocket Event: DOM.childNodeCountUpdated 2846F8E841F44724619BCD3FFD3274CC {
   "childNodeCount": 64,
   "nodeId": 49
}
[1777366027.393][DEBUG]: DevTools WebSocket Event: DOM.childNodeCountUpdated 2846F8E841F44724619BCD3FFD3274CC {
   "childNodeCount": 65,
   "nodeId": 49
}
[1777366027.393][DEBUG]: DevTools WebSocket Event: DOM.childNodeCountUpdated 2846F8E841F44724619BCD3FFD3274CC {
   "childNodeCount": 5,
   "nodeId": 52
}
[1777366027.393][DEBUG]: DevTools WebSocket Command: Runtime.evaluate (id=129) 2846F8E841F44724619BCD3FFD3274CC {
   "expression": "1"
}
[1777366027.494][DEBUG]: DevTools WebSocket Event: DOM.attributeModified 2846F8E841F44724619BCD3FFD3274CC {
   "name": "class",
   "nodeId": 52,
   "value": "a-aui_72554-c a-aui_template_weblab_cache_333406-c a-meter-animate"
}
[1777366027.496][DEBUG]: DevTools WebSocket Event: DOM.childNodeCountUpdated 2846F8E841F44724619BCD3FFD3274CC {
   "childNodeCount": 6,
   "nodeId": 52
}
[1777366027.496][DEBUG]: DevTools WebSocket Response: Runtime.evaluate (id=129) 2846F8E841F44724619BCD3FFD3274CC {
   "result": {
      "description": "1",
      "type": "number",
      "value": 1
   }
}
[1777366027.665][DEBUG]: DevTools WebSocket Event: DOM.attributeModified 2846F8E841F44724619BCD3FFD3274CC {
   "name": "id",
   "nodeId": 52,
   "value": "__sizzle__"
}
[1777366027.665][DEBUG]: DevTools WebSocket Event: DOM.attributeRemoved 2846F8E841F44724619BCD3FFD3274CC {
   "name": "id",
   "nodeId": 52
}
[1777366027.666][DEBUG]: DevTools WebSocket Event: DOM.childNodeCountUpdated 2846F8E841F44724619BCD3FFD3274CC {
   "childNodeCount": 7,
   "nodeId": 52
}
[1777366027.666][DEBUG]: DevTools WebSocket Command: Runtime.evaluate (id=130) 2846F8E841F44724619BCD3FFD3274CC {
   "expression": "1"
}
[1777366027.774][DEBUG]: DevTools WebSocket Event: DOM.childNodeCountUpdated 2846F8E841F44724619BCD3FFD3274CC {
   "childNodeCount": 6,
   "nodeId": 52
}
[1777366027.832][DEBUG]: DevTools WebSocket Event: DOM.childNodeCountUpdated 2846F8E841F44724619BCD3FFD3274CC {
   "childNodeCount": 66,
   "nodeId": 49
}
[1777366027.832][DEBUG]: DevTools WebSocket Event: DOM.childNodeCountUpdated 2846F8E841F44724619BCD3FFD3274CC {
   "childNodeCount": 67,
   "nodeId": 49
}
[1777366027.833][DEBUG]: DevTools WebSocket Response: Runtime.evaluate (id=130) 2846F8E841F44724619BCD3FFD3274CC {
   "result": {
      "description": "1",
      "type": "number",
      "value": 1
   }
}
[1777366027.967][DEBUG]: DevTools WebSocket Event: DOM.attributeModified 2846F8E841F44724619BCD3FFD3274CC {
   "name": "id",
   "nodeId": 52,
   "value": "__sizzle__"
}
[1777366027.967][DEBUG]: DevTools WebSocket Event: DOM.attributeRemoved 2846F8E841F44724619BCD3FFD3274CC {
   "name": "id",
   "nodeId": 52
}
[1777366027.967][DEBUG]: DevTools WebSocket Command: Runtime.evaluate (id=131) 2846F8E841F44724619BCD3FFD3274CC {
   "expression": "1"
}
[1777366028.149][DEBUG]: DevTools WebSocket Event: DOM.attributeModified 2846F8E841F44724619BCD3FFD3274CC {
   "name": "id",
   "nodeId": 52,
   "value": "__sizzle__"
}
[1777366028.149][DEBUG]: DevTools WebSocket Event: DOM.attributeRemoved 2846F8E841F44724619BCD3FFD3274CC {
   "name": "id",
   "nodeId": 52
}
[1777366028.156][DEBUG]: DevTools WebSocket Response: Runtime.evaluate (id=131) 2846F8E841F44724619BCD3FFD3274CC {
   "result": {
      "description": "1",
      "type": "number",
      "value": 1
   }
}
[1777366028.656][DEBUG]: DevTools WebSocket Command: Runtime.evaluate (id=132) 2846F8E841F44724619BCD3FFD3274CC {
   "expression": "1"
}
[1777366028.771][DEBUG]: DevTools WebSocket Response: Runtime.evaluate (id=132) 2846F8E841F44724619BCD3FFD3274CC {
   "result": {
      "description": "1",
      "type": "number",
      "value": 1
   }
}
[1777366028.822][DEBUG]: DevTools WebSocket Event: DOM.childNodeCountUpdated 2846F8E841F44724619BCD3FFD3274CC {
   "childNodeCount": 68,
   "nodeId": 49
}
[1777366028.822][DEBUG]: DevTools WebSocket Command: Runtime.evaluate (id=133) 2846F8E841F44724619BCD3FFD3274CC {
   "expression": "1"
}
[1777366028.864][DEBUG]: DevTools WebSocket Response: Runtime.evaluate (id=133) 2846F8E841F44724619BCD3FFD3274CC {
   "result": {
      "description": "1",
      "type": "number",
      "value": 1
   }
}
[1777366028.866][DEBUG]: DevTools WebSocket Event: Page.frameStoppedLoading 2846F8E841F44724619BCD3FFD3274CC {
   "frameId": "6031EA9F5A3A07C1329773D279315998"
}
[1777366028.866][DEBUG]: DevTools WebSocket Command: Runtime.evaluate (id=134) 2846F8E841F44724619BCD3FFD3274CC {
   "expression": "1"
}
[1777366028.919][DEBUG]: DevTools WebSocket Response: Runtime.evaluate (id=134) 2846F8E841F44724619BCD3FFD3274CC {
   "result": {
      "description": "1",
      "type": "number",
      "value": 1
   }
}
[1777366029.035][DEBUG]: DevTools WebSocket Event: DOM.childNodeCountUpdated 2846F8E841F44724619BCD3FFD3274CC {
   "childNodeCount": 69,
   "nodeId": 49
}
[1777366029.035][DEBUG]: DevTools WebSocket Event: DOM.childNodeCountUpdated 2846F8E841F44724619BCD3FFD3274CC {
   "childNodeCount": 70,
   "nodeId": 49
}
[1777366029.036][DEBUG]: DevTools WebSocket Event: Log.entryAdded 2846F8E841F44724619BCD3FFD3274CC {
   "entry": {
      "level": "warning",
      "lineNumber": 16161,
      "source": "deprecation",
      "stackTrace": {
         "callFrames": [ {
            "columnNumber": 2048,
            "functionName": "",
            "lineNumber": 16161,
            "scriptId": "458",
            "url": "https://www.amazon.in/s?k=laptop&ref=nb_sb_noss"
         }, {
            "columnNumber": 3502,
            "functionName": "h",
            "lineNumber": 16161,
            "scriptId": "458",
            "url": "https://www.amazon.in/s?k=laptop&ref=nb_sb_noss"
         }, {
            "columnNumber": 2276,
            "functionName": "e",
            "lineNumber": 16161,
            "scriptId": "458",
            "url": "https://www.amazon.in/s?k=laptop&ref=nb_sb_noss"
         }, {
            "columnNumber": 3468,
            "functionName": "h",
            "lineNumber": 16161,
            "scriptId": "458",
            "url": "https://www.amazon.in/s?k=laptop&ref=nb_sb_noss"
         }, {
            "columnNumber": 2269,
            "functionName": "e",
            "lineNumber": 16161,
            "scriptId": "458",
            "url": "https://www.amazon.in/s?k=laptop&ref=nb_sb_noss"
         }, {
            "columnNumber": 2215,
            "functionName": "f",
            "lineNumber": 16161,
            "scriptId": "458",
            "url": "https://www.amazon.in/s?k=laptop&ref=nb_sb_noss"
         }, {
            "columnNumber": 3653,
            "functionName": "",
            "lineNumber": 16161,
            "scriptId": "458",
            "url": "https://www.amazon.in/s?k=laptop&ref=nb_sb_noss"
         }, {
            "columnNumber": 4148,
            "functionName": "",
            "lineNumber": 16161,
            "scriptId": "458",
            "url": "https://www.amazon.in/s?k=laptop&ref=nb_sb_noss"
         }, {
            "columnNumber": 327,
            "functionName": "",
            "lineNumber": 16162,
            "scriptId": "458",
            "url": "https://www.amazon.in/s?k=laptop&ref=nb_sb_noss"
         }, {
            "columnNumber": 3356,
            "functionName": "y",
            "lineNumber": 16161,
            "scriptId": "458",
            "url": "https://www.amazon.in/s?k=laptop&ref=nb_sb_noss"
         }, {
            "columnNumber": 2690,
            "functionName": "",
            "lineNumber": 16161,
            "scriptId": "458",
            "url": "https://www.amazon.in/s?k=laptop&ref=nb_sb_noss"
         }, {
            "columnNumber": 2303,
            "functionName": "e",
            "lineNumber": 16161,
            "scriptId": "458",
            "url": "https://www.amazon.in/s?k=laptop&ref=nb_sb_noss"
         }, {
            "columnNumber": 2215,
            "functionName": "f",
            "lineNumber": 16161,
            "scriptId": "458",
            "url": "https://www.amazon.in/s?k=laptop&ref=nb_sb_noss"
         }, {
            "columnNumber": 3653,
            "functionName": "",
            "lineNumber": 16161,
            "scriptId": "458",
            "url": "https://www.amazon.in/s?k=laptop&ref=nb_sb_noss"
         }, {
            "columnNumber": 4148,
            "functionName": "",
            "lineNumber": 16161,
            "scriptId": "458",
            "url": "https://www.amazon.in/s?k=laptop&ref=nb_sb_noss"
         }, {
            "columnNumber": 327,
            "functionName": "",
            "lineNumber": 16162,
            "scriptId": "458",
            "url": "https://www.amazon.in/s?k=laptop&ref=nb_sb_noss"
         }, {
            "columnNumber": 3356,
            "functionName": "y",
            "lineNumber": 16161,
            "scriptId": "458",
            "url": "https://www.amazon.in/s?k=laptop&ref=nb_sb_noss"
         }, {
            "columnNumber": 2690,
            "functionName": "",
            "lineNumber": 16161,
            "scriptId": "458",
            "url": "https://www.amazon.in/s?k=laptop&ref=nb_sb_noss"
         }, {
            "columnNumber": 2303,
            "functionName": "e",
            "lineNumber": 16161,
            "scriptId": "458",
            "url": "https://www.amazon.in/s?k=laptop&ref=nb_sb_noss"
         }, "..." ]
      },
      "text": "'window.webkitStorageInfo' is deprecated. Please use 'navigator.webkitTemporaryStorage' or 'navigator.webkitPersistentStorage' instead.",
      "timestamp": 1.77736602903421e+12,
      "url": "https://www.amazon.in/s?k=laptop&ref=nb_sb_noss"
   }
}
[1777366029.036][DEBUG]: DevTools WebSocket Command: Runtime.evaluate (id=135) 2846F8E841F44724619BCD3FFD3274CC {
   "expression": "1"
}
[1777366029.087][DEBUG]: DevTools WebSocket Event: Page.loadEventFired 2846F8E841F44724619BCD3FFD3274CC {
   "timestamp": 8158.179422
}
[1777366029.087][DEBUG]: DevTools WebSocket Command: Runtime.evaluate (id=136) 2846F8E841F44724619BCD3FFD3274CC {
   "awaitPromise": false,
   "expression": "document.readyState",
   "returnByValue": true
}
[1777366029.087][DEBUG]: DevTools WebSocket Event: Page.frameStoppedLoading 2846F8E841F44724619BCD3FFD3274CC {
   "frameId": "2846F8E841F44724619BCD3FFD3274CC"
}
[1777366029.109][DEBUG]: DevTools WebSocket Response: Runtime.evaluate (id=135) 2846F8E841F44724619BCD3FFD3274CC {
   "result": {
      "description": "1",
      "type": "number",
      "value": 1
   }
}
[1777366029.115][DEBUG]: DevTools WebSocket Response: Runtime.evaluate (id=136) 2846F8E841F44724619BCD3FFD3274CC {
   "result": {
      "type": "string",
      "value": "complete"
   }
}
[1777366029.115][INFO]: Done waiting for pending navigations. Status: ok
[1777366029.115][INFO]: [1f06e95b50b89884cf09928311c93952] RESPONSE ExecuteScript null
[1777366029.150][INFO]: [1f06e95b50b89884cf09928311c93952] COMMAND FindElements {
   "using": "xpath",
   "value": "//*[contains(text(),'Laptop') or contains(text(),'laptop')]"
}
[1777366029.150][INFO]: Waiting for pending navigations...
[1777366029.150][DEBUG]: DevTools WebSocket Command: Runtime.evaluate (id=137) 2846F8E841F44724619BCD3FFD3274CC {
   "expression": "1"
}
[1777366029.181][DEBUG]: DevTools WebSocket Response: Runtime.evaluate (id=137) 2846F8E841F44724619BCD3FFD3274CC {
   "result": {
      "description": "1",
      "type": "number",
      "value": 1
   }
}
[1777366029.181][INFO]: Done waiting for pending navigations. Status: ok
[1777366029.184][DEBUG]: DevTools WebSocket Command: Runtime.evaluate (id=138) 2846F8E841F44724619BCD3FFD3274CC {
   "awaitPromise": true,
   "expression": "(function() { // Copyright (c) 2012 The Chromium Authors. All rights reserved.\n// Use of this source code is governed by a BSD-style license that can be\n// found in the LICENSE file.\n\n/**\n * Enum f...",
   "returnByValue": true
}
[1777366029.205][DEBUG]: DevTools WebSocket Event: DOM.childNodeCountUpdated 2846F8E841F44724619BCD3FFD3274CC {
   "childNodeCount": 5,
   "nodeId": 52
}
[1777366029.234][DEBUG]: DevTools WebSocket Event: Runtime.consoleAPICalled 2846F8E841F44724619BCD3FFD3274CC {
   "args": [ {
      "type": "string",
      "value": "Error logged with the Track&Report JS errors API(http://tiny/1covqr6l8/wamazindeClieUserJava): {\"m\":\"MIX C004 \",\"name\":\"Error\",\"csm\":\"v5 ueLogError stack\",\"logLevel\":\"WARN\",\"attribution\":\"[cel_widg..."
   }, {
      "className": "Object",
      "description": "Object",
      "objectId": "-8554113457424200100.3.1",
      "preview": {
         "description": "Object",
         "overflow": true,
         "properties": [ {
            "name": "m",
            "type": "string",
            "value": "MIX C004 "
         }, {
            "name": "name",
            "type": "string",
            "value": "Error"
         }, {
            "name": "type",
            "type": "undefined",
            "value": "undefined"
         }, {
            "name": "csm",
            "type": "string",
            "value": "v5 ueLogError stack"
         }, {
            "name": "logLevel",
            "type": "string",
            "value": "WARN"
         } ],
         "type": "object"
      },
      "type": "object"
   } ],
   "executionContextId": 3,
   "stackTrace": {
      "callFrames": [ {
         "columnNumber": 388,
         "functionName": "x",
         "lineNumber": 3,
         "scriptId": "494",
         "url": "https://images-na.ssl-images-amazon.com/images/I/215h87l68bL.js"
      }, {
         "columnNumber": 470,
         "functionName": "",
         "lineNumber": 4,
         "scriptId": "494",
         "url": "https://images-na.ssl-images-amazon.com/images/I/215h87l68bL.js"
      }, {
         "columnNumber": 501,
         "functionName": "",
         "lineNumber": 4,
         "scriptId": "494",
         "url": "https://images-na.ssl-images-amazon.com/images/I/215h87l68bL.js"
      }, {
         "columnNumber": 17,
         "functionName": "",
         "lineNumber": 5,
         "scriptId": "494",
         "url": "https://images-na.ssl-images-amazon.com/images/I/215h87l68bL.js"
      } ]
   },
   "timestamp": 1.777366029232462e+12,
   "type": "error"
}
[1777366029.235][DEBUG]: DevTools WebSocket Event: Runtime.consoleAPICalled 2846F8E841F44724619BCD3FFD3274CC {
   "args": [ {
      "type": "string",
      "value": "Error logged with the Track&Report JS errors API(http://tiny/1covqr6l8/wamazindeClieUserJava): {\"m\":\"MIX C004 \",\"name\":\"Error\",\"csm\":\"v5 ueLogError stack\",\"logLevel\":\"WARN\",\"attribution\":\"[cel_widg..."
   }, {
      "className": "Object",
      "description": "Object",
      "objectId": "-8554113457424200100.3.2",
      "preview": {
         "description": "Object",
         "overflow": true,
         "properties": [ {
            "name": "m",
            "type": "string",
            "value": "MIX C004 "
         }, {
            "name": "name",
            "type": "string",
            "value": "Error"
         }, {
            "name": "type",
            "type": "undefined",
            "value": "undefined"
         }, {
            "name": "csm",
            "type": "string",
            "value": "v5 ueLogError stack"
         }, {
            "name": "logLevel",
            "type": "string",
            "value": "WARN"
         } ],
         "type": "object"
      },
      "type": "object"
   } ],
   "executionContextId": 3,
   "stackTrace": {
      "callFrames": [ {
         "columnNumber": 388,
         "functionName": "x",
         "lineNumber": 3,
         "scriptId": "494",
         "url": "https://images-na.ssl-images-amazon.com/images/I/215h87l68bL.js"
      }, {
         "columnNumber": 470,
         "functionName": "",
         "lineNumber": 4,
         "scriptId": "494",
         "url": "https://images-na.ssl-images-amazon.com/images/I/215h87l68bL.js"
      }, {
         "columnNumber": 501,
         "functionName": "",
         "lineNumber": 4,
         "scriptId": "494",
         "url": "https://images-na.ssl-images-amazon.com/images/I/215h87l68bL.js"
      }, {
         "columnNumber": 17,
         "functionName": "",
         "lineNumber": 5,
         "scriptId": "494",
         "url": "https://images-na.ssl-images-amazon.com/images/I/215h87l68bL.js"
      } ]
   },
   "timestamp": 1.77736602923368e+12,
   "type": "error"
}
[1777366029.235][DEBUG]: DevTools WebSocket Event: Runtime.consoleAPICalled 2846F8E841F44724619BCD3FFD3274CC {
   "args": [ {
      "type": "string",
      "value": "Error logged with the Track&Report JS errors API(http://tiny/1covqr6l8/wamazindeClieUserJava): {\"m\":\"MIX C004 \",\"name\":\"Error\",\"csm\":\"v5 ueLogError stack\",\"logLevel\":\"WARN\",\"attribution\":\"[cel_widg..."
   }, {
      "className": "Object",
      "description": "Object",
      "objectId": "-8554113457424200100.3.3",
      "preview": {
         "description": "Object",
         "overflow": true,
         "properties": [ {
            "name": "m",
            "type": "string",
            "value": "MIX C004 "
         }, {
            "name": "name",
            "type": "string",
            "value": "Error"
         }, {
            "name": "type",
            "type": "undefined",
            "value": "undefined"
         }, {
            "name": "csm",
            "type": "string",
            "value": "v5 ueLogError stack"
         }, {
            "name": "logLevel",
            "type": "string",
            "value": "WARN"
         } ],
         "type": "object"
      },
      "type": "object"
   } ],
   "executionContextId": 3,
   "stackTrace": {
      "callFrames": [ {
         "columnNumber": 388,
         "functionName": "x",
         "lineNumber": 3,
         "scriptId": "494",
         "url": "https://images-na.ssl-images-amazon.com/images/I/215h87l68bL.js"
      }, {
         "columnNumber": 470,
         "functionName": "",
         "lineNumber": 4,
         "scriptId": "494",
         "url": "https://images-na.ssl-images-amazon.com/images/I/215h87l68bL.js"
      }, {
         "columnNumber": 501,
         "functionName": "",
         "lineNumber": 4,
         "scriptId": "494",
         "url": "https://images-na.ssl-images-amazon.com/images/I/215h87l68bL.js"
      }, {
         "columnNumber": 17,
         "functionName": "",
         "lineNumber": 5,
         "scriptId": "494",
         "url": "https://images-na.ssl-images-amazon.com/images/I/215h87l68bL.js"
      } ]
   },
   "timestamp": 1.7773660292339648e+12,
   "type": "error"
}
[1777366029.256][DEBUG]: DevTools WebSocket Response: Runtime.evaluate (id=138) 2846F8E841F44724619BCD3FFD3274CC {
   "result": {
      "type": "object",
      "value": {
         "status": 0,
         "value": [ {
            "element-6066-11e4-a52e-4f735466cecf": "657d9e34-0587-4aa6-8dd8-07c1a7567603"
         }, {
            "element-6066-11e4-a52e-4f735466cecf": "5ca3e152-af8b-4da5-a0e0-b1ed48f90f9b"
         }, {
            "element-6066-11e4-a52e-4f735466cecf": "95b1e5a1-1429-47a1-a1d0-c81d722ab949"
         }, {
            "element-6066-11e4-a52e-4f735466cecf": "c47b4c3b-a545-4f4a-80e0-ee353dd768f1"
         }, {
            "element-6066-11e4-a52e-4f735466cecf": "3ba42390-51a5-4982-8423-17a105534e79"
         }, {
            "element-6066-11e4-a52e-4f735466cecf": "5bfdd6f2-1a0b-4162-984a-7f39554b654f"
         }, {
            "element-6066-11e4-a52e-4f735466cecf": "0b1cd883-f5ab-4fed-a3b5-b79828e51bb6"
         }, {
            "element-6066-11e4-a52e-4f735466cecf": "66797ac4-1c83-4ef1-bfb7-8b7af7baf955"
         }, {
            "element-6066-11e4-a52e-4f735466cecf": "139203fe-e44e-4cde-9803-60d2965be266"
         }, {
            "element-6066-11e4-a52e-4f735466cecf": "c3c59765-83cd-447b-8ccf-e928cbd8e474"
         }, {
            "element-6066-11e4-a52e-4f735466cecf": "5ff41856-f771-4b91-acf8-1f0d22140273"
         }, {
            "element-6066-11e4-a52e-4f735466cecf": "cec7c521-e33e-473c-a427-f050050c5fde"
         }, {
            "element-6066-11e4-a52e-4f735466cecf": "e387eba9-3e5b-4bdb-b261-85b10087be38"
         }, {
            "element-6066-11e4-a52e-4f735466cecf": "622dd5bd-f914-4ad9-b5ac-cc16bbde0b50"
         }, {
            "element-6066-11e4-a52e-4f735466cecf": "158ee9f8-b12a-447c-96a3-eb1a077c51f3"
         }, {
            "element-6066-11e4-a52e-4f735466cecf": "a1e2112f-08be-4ba4-bc6f-57fbe576169b"
         }, {
            "element-6066-11e4-a52e-4f735466cecf": "bdef381e-d5df-4fde-b7e2-0fa090c7f6ee"
         }, {
            "element-6066-11e4-a52e-4f735466cecf": "126dcfc0-9070-4d69-a2db-3e3244773ed0"
         }, {
            "element-6066-11e4-a52e-4f735466cecf": "b105dfe1-ccc2-4ce8-a275-e42b1612db84"
         }, "..." ]
      }
   }
}
[1777366029.256][INFO]: Waiting for pending navigations...
[1777366029.256][DEBUG]: DevTools WebSocket Command: Runtime.evaluate (id=139) 2846F8E841F44724619BCD3FFD3274CC {
   "expression": "1"
}
[1777366029.278][DEBUG]: DevTools WebSocket Response: Runtime.evaluate (id=139) 2846F8E841F44724619BCD3FFD3274CC {
   "result": {
      "description": "1",
      "type": "number",
      "value": 1
   }
}
[1777366029.278][INFO]: Done waiting for pending navigations. Status: ok
[1777366029.278][INFO]: [1f06e95b50b89884cf09928311c93952] RESPONSE FindElements [ {
   "element-6066-11e4-a52e-4f735466cecf": "657d9e34-0587-4aa6-8dd8-07c1a7567603"
}, {
   "element-6066-11e4-a52e-4f735466cecf": "5ca3e152-af8b-4da5-a0e0-b1ed48f90f9b"
}, {
   "element-6066-11e4-a52e-4f735466cecf": "95b1e5a1-1429-47a1-a1d0-c81d722ab949"
}, {
   "element-6066-11e4-a52e-4f735466cecf": "c47b4c3b-a545-4f4a-80e0-ee353dd768f1"
}, {
   "element-6066-11e4-a52e-4f735466cecf": "3ba42390-51a5-4982-8423-17a105534e79"
}, {
   "element-6066-11e4-a52e-4f735466cecf": "5bfdd6f2-1a0b-4162-984a-7f39554b654f"
}, {
   "element-6066-11e4-a52e-4f735466cecf": "0b1cd883-f5ab-4fed-a3b5-b79828e51bb6"
}, {
   "element-6066-11e4-a52e-4f735466cecf": "66797ac4-1c83-4ef1-bfb7-8b7af7baf955"
}, {
   "element-6066-11e4-a52e-4f735466cecf": "139203fe-e44e-4cde-9803-60d2965be266"
}, {
   "element-6066-11e4-a52e-4f735466cecf": "c3c59765-83cd-447b-8ccf-e928cbd8e474"
}, {
   "element-6066-11e4-a52e-4f735466cecf": "5ff41856-f771-4b91-acf8-1f0d22140273"
}, {
   "element-6066-11e4-a52e-4f735466cecf": "cec7c521-e33e-473c-a427-f050050c5fde"
}, {
   "element-6066-11e4-a52e-4f735466cecf": "e387eba9-3e5b-4bdb-b261-85b10087be38"
}, {
   "element-6066-11e4-a52e-4f735466cecf": "622dd5bd-f914-4ad9-b5ac-cc16bbde0b50"
}, {
   "element-6066-11e4-a52e-4f735466cecf": "158ee9f8-b12a-447c-96a3-eb1a077c51f3"
}, {
   "element-6066-11e4-a52e-4f735466cecf": "a1e2112f-08be-4ba4-bc6f-57fbe576169b"
}, {
   "element-6066-11e4-a52e-4f735466cecf": "bdef381e-d5df-4fde-b7e2-0fa090c7f6ee"
}, {
   "element-6066-11e4-a52e-4f735466cecf": "126dcfc0-9070-4d69-a2db-3e3244773ed0"
}, {
   "element-6066-11e4-a52e-4f735466cecf": "b105dfe1-ccc2-4ce8-a275-e42b1612db84"
}, "..." ]
[1777366029.341][INFO]: [1f06e95b50b89884cf09928311c93952] COMMAND Navigate {
   "url": "https://www.amazon.in/"
}
[1777366029.341][INFO]: Waiting for pending navigations...
[1777366029.341][DEBUG]: DevTools WebSocket Command: Runtime.evaluate (id=140) 2846F8E841F44724619BCD3FFD3274CC {
   "expression": "1"
}
[1777366029.346][DEBUG]: DevTools WebSocket Response: Runtime.evaluate (id=140) 2846F8E841F44724619BCD3FFD3274CC {
   "result": {
      "description": "1",
      "type": "number",
      "value": 1
   }
}
[1777366029.346][INFO]: Done waiting for pending navigations. Status: ok
[1777366029.346][DEBUG]: DevTools WebSocket Command: Page.navigate (id=141) 2846F8E841F44724619BCD3FFD3274CC {
   "url": "https://www.amazon.in/"
}
[1777366029.492][DEBUG]: DevTools WebSocket Event: Page.frameAttached 2846F8E841F44724619BCD3FFD3274CC {
   "frameId": "C9923FFEE1A54473C0D5A632695BF848",
   "parentFrameId": "2846F8E841F44724619BCD3FFD3274CC",
   "stack": {
      "callFrames": [ {
         "columnNumber": 344,
         "functionName": "",
         "lineNumber": 15940,
         "scriptId": "451",
         "url": "https://www.amazon.in/s?k=laptop&ref=nb_sb_noss"
      } ]
   }
}
[1777366029.493][DEBUG]: DevTools WebSocket Event: Page.frameStartedLoading 2846F8E841F44724619BCD3FFD3274CC {
   "frameId": "C9923FFEE1A54473C0D5A632695BF848"
}
[1777366029.658][DEBUG]: DevTools WebSocket Event: Target.attachedToTarget 2846F8E841F44724619BCD3FFD3274CC {
   "sessionId": "83DCC241D2269A4E55BC53476DAB43DE",
   "targetInfo": {
      "attached": true,
      "browserContextId": "8ACEE6B50745CF4CEAB1DDFBC17555D7",
      "canAccessOpener": false,
      "targetId": "C9923FFEE1A54473C0D5A632695BF848",
      "title": "",
      "type": "iframe",
      "url": ""
   },
   "waitingForDebugger": false
}
[1777366029.658][DEBUG]: DevTools WebSocket Command: Page.addScriptToEvaluateOnNewDocument (id=1) 83DCC241D2269A4E55BC53476DAB43DE {
   "source": "(function () {window.cdc_adoQpoasnfa76pfcZLmcfl_Array = window.Array;window.cdc_adoQpoasnfa76pfcZLmcfl_Promise = window.Promise;window.cdc_adoQpoasnfa76pfcZLmcfl_Symbol = window.Symbol;}) ();"
}
[1777366029.658][DEBUG]: DevTools WebSocket Command: Runtime.evaluate (id=2) 83DCC241D2269A4E55BC53476DAB43DE {
   "expression": "(function () {window.cdc_adoQpoasnfa76pfcZLmcfl_Array = window.Array;window.cdc_adoQpoasnfa76pfcZLmcfl_Promise = window.Promise;window.cdc_adoQpoasnfa76pfcZLmcfl_Symbol = window.Symbol;}) ();"
}
[1777366029.659][DEBUG]: DevTools WebSocket Command: DOM.getDocument (id=3) 83DCC241D2269A4E55BC53476DAB43DE {

}
[1777366029.659][DEBUG]: DevTools WebSocket Command: Target.setAutoAttach (id=4) 83DCC241D2269A4E55BC53476DAB43DE {
   "autoAttach": true,
   "flatten": true,
   "waitForDebuggerOnStart": false
}
[1777366029.659][DEBUG]: DevTools WebSocket Command: Page.enable (id=5) 83DCC241D2269A4E55BC53476DAB43DE {

}
[1777366029.659][DEBUG]: DevTools WebSocket Command: Page.enable (id=142) 2846F8E841F44724619BCD3FFD3274CC {

}
[1777366029.671][DEBUG]: DevTools WebSocket Response: Page.addScriptToEvaluateOnNewDocument (id=1) 83DCC241D2269A4E55BC53476DAB43DE {
   "identifier": "1"
}
[1777366029.672][DEBUG]: DevTools WebSocket Response: Runtime.evaluate (id=2) 83DCC241D2269A4E55BC53476DAB43DE {
   "result": {
      "type": "undefined"
   }
}
[1777366029.672][DEBUG]: DevTools WebSocket Response: DOM.getDocument (id=3) 83DCC241D2269A4E55BC53476DAB43DE {
   "root": {
      "backendNodeId": 1,
      "baseURL": "https://aax-eu.amazon-adsystem.com/s/iu3?d=amazon.in&slot=navFooter&a2=010172f5953ca571f44b6ab38d37f0c6ebd6bf5442b9bd58c59b2484a4e2dc59db72&old_oo=0&ts=1777366026618&s=AekVnGg1tcqAt-tNZr7PA7hGQgQYr...",
      "childNodeCount": 0,
      "children": [  ],
      "documentURL": "https://aax-eu.amazon-adsystem.com/s/iu3?d=amazon.in&slot=navFooter&a2=010172f5953ca571f44b6ab38d37f0c6ebd6bf5442b9bd58c59b2484a4e2dc59db72&old_oo=0&ts=1777366026618&s=AekVnGg1tcqAt-tNZr7PA7hGQgQYr...",
      "localName": "",
      "nodeId": 1,
      "nodeName": "#document",
      "nodeType": 9,
      "nodeValue": "",
      "xmlVersion": ""
   }
}
[1777366029.673][DEBUG]: DevTools WebSocket Response: Target.setAutoAttach (id=4) 83DCC241D2269A4E55BC53476DAB43DE {

}
[1777366029.673][DEBUG]: DevTools WebSocket Response: Page.enable (id=5) 83DCC241D2269A4E55BC53476DAB43DE {

}
[1777366029.683][DEBUG]: DevTools WebSocket Event: Page.frameStoppedLoading 2846F8E841F44724619BCD3FFD3274CC {
   "frameId": "C9923FFEE1A54473C0D5A632695BF848"
}
[1777366029.685][DEBUG]: DevTools WebSocket Event: Page.frameDetached 2846F8E841F44724619BCD3FFD3274CC {
   "frameId": "C9923FFEE1A54473C0D5A632695BF848",
   "reason": "swap"
}
[1777366029.688][DEBUG]: DevTools WebSocket Event: DOM.childNodeInserted 83DCC241D2269A4E55BC53476DAB43DE {
   "node": {
      "attributes": [  ],
      "backendNodeId": 2,
      "childNodeCount": 0,
      "frameId": "C9923FFEE1A54473C0D5A632695BF848",
      "localName": "html",
      "nodeId": 2,
      "nodeName": "HTML",
      "nodeType": 1,
      "nodeValue": ""
   },
   "parentNodeId": 1,
   "previousNodeId": 0
}
[1777366029.688][DEBUG]: DevTools WebSocket Event: DOM.childNodeCountUpdated 83DCC241D2269A4E55BC53476DAB43DE {
   "childNodeCount": 1,
   "nodeId": 2
}
[1777366029.689][DEBUG]: DevTools WebSocket Event: DOM.childNodeCountUpdated 83DCC241D2269A4E55BC53476DAB43DE {
   "childNodeCount": 2,
   "nodeId": 2
}
[1777366029.689][DEBUG]: DevTools WebSocket Event: Page.frameAttached 83DCC241D2269A4E55BC53476DAB43DE {
   "frameId": "66C3D7651ED6036DE444B143F9C9F891",
   "parentFrameId": "C9923FFEE1A54473C0D5A632695BF848"
}
[1777366029.692][DEBUG]: DevTools WebSocket Event: Page.frameStartedLoading 83DCC241D2269A4E55BC53476DAB43DE {
   "frameId": "66C3D7651ED6036DE444B143F9C9F891"
}
[1777366029.710][DEBUG]: DevTools WebSocket Response: Page.navigate (id=141) 2846F8E841F44724619BCD3FFD3274CC {
   "frameId": "2846F8E841F44724619BCD3FFD3274CC",
   "loaderId": "06B67ED55788D021303822ECABB705BE"
}
[1777366029.711][DEBUG]: DevTools WebSocket Command: Runtime.evaluate (id=143) 2846F8E841F44724619BCD3FFD3274CC {
   "expression": "document.URL"
}
[1777366029.720][DEBUG]: DevTools WebSocket Event: DOM.documentUpdated 83DCC241D2269A4E55BC53476DAB43DE {

}
[1777366029.720][DEBUG]: DevTools WebSocket Command: DOM.getDocument (id=6) 83DCC241D2269A4E55BC53476DAB43DE {

}
[1777366029.722][DEBUG]: DevTools WebSocket Event: Page.domContentEventFired 83DCC241D2269A4E55BC53476DAB43DE {
   "timestamp": 8158.822963
}
[1777366029.725][DEBUG]: DevTools WebSocket Response: DOM.getDocument (id=6) 83DCC241D2269A4E55BC53476DAB43DE {
   "root": {
      "backendNodeId": 1,
      "baseURL": "https://aax-eu.amazon-adsystem.com/s/iu3?d=amazon.in&slot=navFooter&a2=010172f5953ca571f44b6ab38d37f0c6ebd6bf5442b9bd58c59b2484a4e2dc59db72&old_oo=0&ts=1777366026618&s=AekVnGg1tcqAt-tNZr7PA7hGQgQYr...",
      "childNodeCount": 1,
      "children": [ {
         "attributes": [  ],
         "backendNodeId": 2,
         "childNodeCount": 2,
         "children": [ {
            "attributes": [  ],
            "backendNodeId": 3,
            "childNodeCount": 0,
            "localName": "head",
            "nodeId": 5,
            "nodeName": "HEAD",
            "nodeType": 1,
            "nodeValue": "",
            "parentId": 4
         }, {
            "attributes": [ "style", "background-color:transparent", "marginwidth", "0", "marginheight", "0" ],
            "backendNodeId": 4,
            "childNodeCount": 1,
            "localName": "body",
            "nodeId": 6,
            "nodeName": "BODY",
            "nodeType": 1,
            "nodeValue": "",
            "parentId": 4
         } ],
         "frameId": "C9923FFEE1A54473C0D5A632695BF848",
         "localName": "html",
         "nodeId": 4,
         "nodeName": "HTML",
         "nodeType": 1,
         "nodeValue": "",
         "parentId": 3
      } ],
      "documentURL": "https://aax-eu.amazon-adsystem.com/s/iu3?d=amazon.in&slot=navFooter&a2=010172f5953ca571f44b6ab38d37f0c6ebd6bf5442b9bd58c59b2484a4e2dc59db72&old_oo=0&ts=1777366026618&s=AekVnGg1tcqAt-tNZr7PA7hGQgQYr...",
      "localName": "",
      "nodeId": 3,
      "nodeName": "#document",
      "nodeType": 9,
      "nodeValue": "",
      "xmlVersion": ""
   }
}
[1777366029.733][DEBUG]: DevTools WebSocket Event: Page.frameStartedLoading 2846F8E841F44724619BCD3FFD3274CC {
   "frameId": "2846F8E841F44724619BCD3FFD3274CC"
}
[1777366029.756][DEBUG]: DevTools WebSocket Event: Target.detachedFromTarget 2846F8E841F44724619BCD3FFD3274CC {
   "sessionId": "83DCC241D2269A4E55BC53476DAB43DE",
   "targetId": "C9923FFEE1A54473C0D5A632695BF848"
}
[1777366029.791][DEBUG]: DevTools WebSocket Event: Page.frameDetached 2846F8E841F44724619BCD3FFD3274CC {
   "frameId": "6031EA9F5A3A07C1329773D279315998",
   "reason": "remove"
}
[1777366029.791][DEBUG]: DevTools WebSocket Event: Runtime.executionContextDestroyed 2846F8E841F44724619BCD3FFD3274CC {
   "executionContextId": 5
}
[1777366029.791][DEBUG]: DevTools WebSocket Event: Runtime.executionContextsCleared 2846F8E841F44724619BCD3FFD3274CC {

}
[1777366029.791][DEBUG]: DevTools WebSocket Event: Page.frameNavigated 2846F8E841F44724619BCD3FFD3274CC {
   "frame": {
      "adFrameType": "none",
      "crossOriginIsolatedContextType": "NotIsolated",
      "domainAndRegistry": "amazon.in",
      "gatedAPIFeatures": [ "SharedArrayBuffersTransferAllowed" ],
      "id": "2846F8E841F44724619BCD3FFD3274CC",
      "loaderId": "06B67ED55788D021303822ECABB705BE",
      "mimeType": "text/html",
      "secureContextType": "Secure",
      "securityOrigin": "https://www.amazon.in",
      "url": "https://www.amazon.in/"
   }
}
[1777366029.791][DEBUG]: DevTools WebSocket Event: Runtime.executionContextCreated 2846F8E841F44724619BCD3FFD3274CC {
   "context": {
      "auxData": {
         "frameId": "2846F8E841F44724619BCD3FFD3274CC",
         "isDefault": true,
         "type": "default"
      },
      "id": 6,
      "name": "",
      "origin": "https://www.amazon.in",
      "uniqueId": "-6728999599811967828.-7798399181800407189"
   }
}
[1777366029.792][DEBUG]: DevTools WebSocket Event: DOM.documentUpdated 2846F8E841F44724619BCD3FFD3274CC {

}
[1777366029.792][DEBUG]: DevTools WebSocket Command: DOM.getDocument (id=144) 2846F8E841F44724619BCD3FFD3274CC {

}
[1777366029.802][DEBUG]: DevTools WebSocket Response: Page.enable (id=142) 2846F8E841F44724619BCD3FFD3274CC {

}
[1777366029.802][DEBUG]: DevTools WebSocket Response: Runtime.evaluate (id=143) 2846F8E841F44724619BCD3FFD3274CC {
   "result": {
      "type": "string",
      "value": "https://www.amazon.in/"
   }
}
[1777366029.802][DEBUG]: DevTools WebSocket Command: Runtime.enable (id=7) 83DCC241D2269A4E55BC53476DAB43DE {

}
[1777366029.802][INFO]: Waiting for pending navigations...
[1777366029.802][DEBUG]: DevTools WebSocket Command: Runtime.evaluate (id=145) 2846F8E841F44724619BCD3FFD3274CC {
   "expression": "1"
}
[1777366029.814][DEBUG]: DevTools WebSocket Response: DOM.getDocument (id=144) 2846F8E841F44724619BCD3FFD3274CC {
   "root": {
      "backendNodeId": 762,
      "baseURL": "https://www.amazon.in/",
      "childNodeCount": 2,
      "children": [ {
         "backendNodeId": 763,
         "localName": "",
         "nodeId": 55,
         "nodeName": "html",
         "nodeType": 10,
         "nodeValue": "",
         "parentId": 54,
         "publicId": "",
         "systemId": ""
      }, {
         "attributes": [ "lang", "en-in", "class", "a-no-js", "data-19ax5a9jf", "dingo" ],
         "backendNodeId": 764,
         "childNodeCount": 2,
         "children": [ {
            "backendNodeId": 765,
            "localName": "",
            "nodeId": 57,
            "nodeName": "#comment",
            "nodeType": 8,
            "nodeValue": " sp:feature:head-start ",
            "parentId": 56
         }, {
            "attributes": [  ],
            "backendNodeId": 766,
            "childNodeCount": 20,
            "localName": "head",
            "nodeId": 58,
            "nodeName": "HEAD",
            "nodeType": 1,
            "nodeValue": "",
            "parentId": 56
         } ],
         "frameId": "2846F8E841F44724619BCD3FFD3274CC",
         "localName": "html",
         "nodeId": 56,
         "nodeName": "HTML",
         "nodeType": 1,
         "nodeValue": "",
         "parentId": 54
      } ],
      "documentURL": "https://www.amazon.in/",
      "localName": "",
      "nodeId": 54,
      "nodeName": "#document",
      "nodeType": 9,
      "nodeValue": "",
      "xmlVersion": ""
   }
}
[1777366029.816][DEBUG]: DevTools WebSocket Response: Runtime.evaluate (id=145) 2846F8E841F44724619BCD3FFD3274CC {
   "result": {
      "description": "1",
      "type": "number",
      "value": 1
   }
}
[1777366029.847][DEBUG]: DevTools WebSocket Event: DOM.attributeModified 2846F8E841F44724619BCD3FFD3274CC {
   "name": "class",
   "nodeId": 56,
   "value": "a-no-js a-ws"
}
[1777366029.847][DEBUG]: DevTools WebSocket Event: DOM.attributeModified 2846F8E841F44724619BCD3FFD3274CC {
   "name": "class",
   "nodeId": 56,
   "value": "a-ws"
}
[1777366029.847][DEBUG]: DevTools WebSocket Event: DOM.attributeModified 2846F8E841F44724619BCD3FFD3274CC {
   "name": "class",
   "nodeId": 56,
   "value": "a-ws a-js"
}
[1777366029.847][DEBUG]: DevTools WebSocket Event: DOM.attributeModified 2846F8E841F44724619BCD3FFD3274CC {
   "name": "class",
   "nodeId": 56,
   "value": "a-ws a-js a-audio a-video a-canvas a-svg a-drag-drop a-geolocation a-history a-webworker a-autofocus a-input-placeholder a-textarea-placeholder a-local-storage a-gradients a-transform3d a-touch-scr..."
}
[1777366029.847][DEBUG]: DevTools WebSocket Event: DOM.attributeModified 2846F8E841F44724619BCD3FFD3274CC {
   "name": "data-aui-build-date",
   "nodeId": 56,
   "value": "3.26.4-2026-04-23"
}
[1777366029.847][DEBUG]: DevTools WebSocket Event: DOM.attributeModified 2846F8E841F44724619BCD3FFD3274CC {
   "name": "class",
   "nodeId": 56,
   "value": "a-ws a-js a-audio a-video a-canvas a-svg a-drag-drop a-geolocation a-history a-webworker a-autofocus a-input-placeholder a-textarea-placeholder a-local-storage a-gradients a-transform3d a-touch-scr..."
}
[1777366029.847][DEBUG]: DevTools WebSocket Event: DOM.childNodeCountUpdated 2846F8E841F44724619BCD3FFD3274CC {
   "childNodeCount": 21,
   "nodeId": 58
}
[1777366029.847][DEBUG]: DevTools WebSocket Event: DOM.childNodeCountUpdated 2846F8E841F44724619BCD3FFD3274CC {
   "childNodeCount": 22,
   "nodeId": 58
}
[1777366029.847][DEBUG]: DevTools WebSocket Event: DOM.childNodeCountUpdated 2846F8E841F44724619BCD3FFD3274CC {
   "childNodeCount": 23,
   "nodeId": 58
}
[1777366029.847][DEBUG]: DevTools WebSocket Event: DOM.childNodeCountUpdated 2846F8E841F44724619BCD3FFD3274CC {
   "childNodeCount": 24,
   "nodeId": 58
}
[1777366029.847][DEBUG]: DevTools WebSocket Event: DOM.childNodeCountUpdated 2846F8E841F44724619BCD3FFD3274CC {
   "childNodeCount": 25,
   "nodeId": 58
}
[1777366029.848][DEBUG]: DevTools WebSocket Command: Runtime.evaluate (id=146) 2846F8E841F44724619BCD3FFD3274CC {
   "expression": "1"
}
[1777366029.848][DEBUG]: DevTools WebSocket Event: DOM.childNodeCountUpdated 2846F8E841F44724619BCD3FFD3274CC {
   "childNodeCount": 26,
   "nodeId": 58
}
[1777366029.848][DEBUG]: DevTools WebSocket Event: DOM.childNodeCountUpdated 2846F8E841F44724619BCD3FFD3274CC {
   "childNodeCount": 27,
   "nodeId": 58
}
[1777366029.848][DEBUG]: DevTools WebSocket Event: DOM.childNodeCountUpdated 2846F8E841F44724619BCD3FFD3274CC {
   "childNodeCount": 28,
   "nodeId": 58
}
[1777366029.848][DEBUG]: DevTools WebSocket Event: DOM.childNodeCountUpdated 2846F8E841F44724619BCD3FFD3274CC {
   "childNodeCount": 29,
   "nodeId": 58
}
[1777366029.848][DEBUG]: DevTools WebSocket Event: DOM.childNodeCountUpdated 2846F8E841F44724619BCD3FFD3274CC {
   "childNodeCount": 30,
   "nodeId": 58
}
[1777366029.848][DEBUG]: DevTools WebSocket Event: DOM.childNodeCountUpdated 2846F8E841F44724619BCD3FFD3274CC {
   "childNodeCount": 31,
   "nodeId": 58
}
[1777366029.848][DEBUG]: DevTools WebSocket Event: DOM.childNodeCountUpdated 2846F8E841F44724619BCD3FFD3274CC {
   "childNodeCount": 32,
   "nodeId": 58
}
[1777366029.864][DEBUG]: DevTools WebSocket Response: Runtime.evaluate (id=146) 2846F8E841F44724619BCD3FFD3274CC {
   "result": {
      "description": "1",
      "type": "number",
      "value": 1
   }
}
[1777366029.886][DEBUG]: DevTools WebSocket Event: DOM.attributeModified 2846F8E841F44724619BCD3FFD3274CC {
   "name": "data-useragent",
   "nodeId": 56,
   "value": "Mozilla/5.0 (X11; Linux x86_64) AppleWebKit/537.36 (KHTML, like Gecko) Chrome/91.0.4472.77 Safari/537.36"
}
[1777366029.886][DEBUG]: DevTools WebSocket Event: DOM.attributeModified 2846F8E841F44724619BCD3FFD3274CC {
   "name": "data-platform",
   "nodeId": 56,
   "value": "Linux x86_64"
}
[1777366029.886][DEBUG]: DevTools WebSocket Event: DOM.childNodeCountUpdated 2846F8E841F44724619BCD3FFD3274CC {
   "childNodeCount": 33,
   "nodeId": 58
}
[1777366029.886][DEBUG]: DevTools WebSocket Event: DOM.childNodeCountUpdated 2846F8E841F44724619BCD3FFD3274CC {
   "childNodeCount": 34,
   "nodeId": 58
}
[1777366029.886][DEBUG]: DevTools WebSocket Command: Runtime.evaluate (id=147) 2846F8E841F44724619BCD3FFD3274CC {
   "expression": "1"
}
[1777366029.886][DEBUG]: DevTools WebSocket Event: DOM.childNodeCountUpdated 2846F8E841F44724619BCD3FFD3274CC {
   "childNodeCount": 35,
   "nodeId": 58
}
[1777366029.886][DEBUG]: DevTools WebSocket Event: DOM.childNodeCountUpdated 2846F8E841F44724619BCD3FFD3274CC {
   "childNodeCount": 36,
   "nodeId": 58
}
[1777366029.887][DEBUG]: DevTools WebSocket Event: DOM.childNodeCountUpdated 2846F8E841F44724619BCD3FFD3274CC {
   "childNodeCount": 37,
   "nodeId": 58
}
[1777366029.887][DEBUG]: DevTools WebSocket Event: DOM.childNodeCountUpdated 2846F8E841F44724619BCD3FFD3274CC {
   "childNodeCount": 38,
   "nodeId": 58
}
[1777366029.887][DEBUG]: DevTools WebSocket Event: DOM.childNodeCountUpdated 2846F8E841F44724619BCD3FFD3274CC {
   "childNodeCount": 39,
   "nodeId": 58
}
[1777366029.887][DEBUG]: DevTools WebSocket Event: DOM.childNodeCountUpdated 2846F8E841F44724619BCD3FFD3274CC {
   "childNodeCount": 40,
   "nodeId": 58
}
[1777366029.887][DEBUG]: DevTools WebSocket Event: DOM.childNodeCountUpdated 2846F8E841F44724619BCD3FFD3274CC {
   "childNodeCount": 41,
   "nodeId": 58
}
[1777366029.887][DEBUG]: DevTools WebSocket Event: DOM.childNodeCountUpdated 2846F8E841F44724619BCD3FFD3274CC {
   "childNodeCount": 42,
   "nodeId": 58
}
[1777366029.887][DEBUG]: DevTools WebSocket Event: DOM.childNodeCountUpdated 2846F8E841F44724619BCD3FFD3274CC {
   "childNodeCount": 43,
   "nodeId": 58
}
[1777366029.887][DEBUG]: DevTools WebSocket Event: DOM.childNodeCountUpdated 2846F8E841F44724619BCD3FFD3274CC {
   "childNodeCount": 44,
   "nodeId": 58
}
[1777366029.887][DEBUG]: DevTools WebSocket Event: DOM.childNodeCountUpdated 2846F8E841F44724619BCD3FFD3274CC {
   "childNodeCount": 45,
   "nodeId": 58
}
[1777366029.887][DEBUG]: DevTools WebSocket Event: DOM.childNodeCountUpdated 2846F8E841F44724619BCD3FFD3274CC {
   "childNodeCount": 46,
   "nodeId": 58
}
[1777366029.887][DEBUG]: DevTools WebSocket Event: DOM.childNodeCountUpdated 2846F8E841F44724619BCD3FFD3274CC {
   "childNodeCount": 47,
   "nodeId": 58
}
[1777366029.887][DEBUG]: DevTools WebSocket Event: DOM.childNodeCountUpdated 2846F8E841F44724619BCD3FFD3274CC {
   "childNodeCount": 48,
   "nodeId": 58
}
[1777366029.887][DEBUG]: DevTools WebSocket Event: DOM.childNodeCountUpdated 2846F8E841F44724619BCD3FFD3274CC {
   "childNodeCount": 49,
   "nodeId": 58
}
[1777366029.887][DEBUG]: DevTools WebSocket Event: DOM.childNodeCountUpdated 2846F8E841F44724619BCD3FFD3274CC {
   "childNodeCount": 50,
   "nodeId": 58
}
[1777366029.887][DEBUG]: DevTools WebSocket Event: DOM.childNodeCountUpdated 2846F8E841F44724619BCD3FFD3274CC {
   "childNodeCount": 51,
   "nodeId": 58
}
[1777366029.887][DEBUG]: DevTools WebSocket Event: DOM.childNodeCountUpdated 2846F8E841F44724619BCD3FFD3274CC {
   "childNodeCount": 52,
   "nodeId": 58
}
[1777366029.887][DEBUG]: DevTools WebSocket Event: DOM.childNodeCountUpdated 2846F8E841F44724619BCD3FFD3274CC {
   "childNodeCount": 53,
   "nodeId": 58
}
[1777366029.887][DEBUG]: DevTools WebSocket Event: DOM.childNodeCountUpdated 2846F8E841F44724619BCD3FFD3274CC {
   "childNodeCount": 54,
   "nodeId": 58
}
[1777366029.887][DEBUG]: DevTools WebSocket Event: DOM.childNodeCountUpdated 2846F8E841F44724619BCD3FFD3274CC {
   "childNodeCount": 55,
   "nodeId": 58
}
[1777366029.887][DEBUG]: DevTools WebSocket Event: DOM.childNodeCountUpdated 2846F8E841F44724619BCD3FFD3274CC {
   "childNodeCount": 56,
   "nodeId": 58
}
[1777366029.887][DEBUG]: DevTools WebSocket Event: DOM.childNodeCountUpdated 2846F8E841F44724619BCD3FFD3274CC {
   "childNodeCount": 57,
   "nodeId": 58
}
[1777366029.887][DEBUG]: DevTools WebSocket Event: DOM.childNodeCountUpdated 2846F8E841F44724619BCD3FFD3274CC {
   "childNodeCount": 58,
   "nodeId": 58
}
[1777366029.887][DEBUG]: DevTools WebSocket Event: DOM.childNodeCountUpdated 2846F8E841F44724619BCD3FFD3274CC {
   "childNodeCount": 59,
   "nodeId": 58
}
[1777366029.887][DEBUG]: DevTools WebSocket Event: DOM.childNodeCountUpdated 2846F8E841F44724619BCD3FFD3274CC {
   "childNodeCount": 60,
   "nodeId": 58
}
[1777366029.887][DEBUG]: DevTools WebSocket Event: DOM.childNodeCountUpdated 2846F8E841F44724619BCD3FFD3274CC {
   "childNodeCount": 61,
   "nodeId": 58
}
[1777366029.887][DEBUG]: DevTools WebSocket Event: DOM.childNodeCountUpdated 2846F8E841F44724619BCD3FFD3274CC {
   "childNodeCount": 62,
   "nodeId": 58
}
[1777366029.887][DEBUG]: DevTools WebSocket Event: DOM.childNodeCountUpdated 2846F8E841F44724619BCD3FFD3274CC {
   "childNodeCount": 63,
   "nodeId": 58
}
[1777366029.887][DEBUG]: DevTools WebSocket Event: DOM.childNodeInserted 2846F8E841F44724619BCD3FFD3274CC {
   "node": {
      "backendNodeId": 767,
      "localName": "",
      "nodeId": 59,
      "nodeName": "#comment",
      "nodeType": 8,
      "nodeValue": " sp:end-feature:head-close "
   },
   "parentNodeId": 56,
   "previousNodeId": 58
}
[1777366029.888][DEBUG]: DevTools WebSocket Event: DOM.childNodeInserted 2846F8E841F44724619BCD3FFD3274CC {
   "node": {
      "backendNodeId": 768,
      "localName": "",
      "nodeId": 60,
      "nodeName": "#comment",
      "nodeType": 8,
      "nodeValue": " sp:feature:start-body "
   },
   "parentNodeId": 56,
   "previousNodeId": 59
}
[1777366029.888][DEBUG]: DevTools WebSocket Event: DOM.childNodeInserted 2846F8E841F44724619BCD3FFD3274CC {
   "node": {
      "attributes": [ "class", "a-aui_72554-c a-aui_template_weblab_cache_333406-c" ],
      "backendNodeId": 769,
      "childNodeCount": 0,
      "localName": "body",
      "nodeId": 61,
      "nodeName": "BODY",
      "nodeType": 1,
      "nodeValue": ""
   },
   "parentNodeId": 56,
   "previousNodeId": 60
}
[1777366029.888][DEBUG]: DevTools WebSocket Event: DOM.childNodeCountUpdated 2846F8E841F44724619BCD3FFD3274CC {
   "childNodeCount": 1,
   "nodeId": 61
}
[1777366029.907][DEBUG]: DevTools WebSocket Event: DOM.childNodeCountUpdated 2846F8E841F44724619BCD3FFD3274CC {
   "childNodeCount": 2,
   "nodeId": 61
}
[1777366029.908][DEBUG]: DevTools WebSocket Event: DOM.childNodeCountUpdated 2846F8E841F44724619BCD3FFD3274CC {
   "childNodeCount": 1,
   "nodeId": 61
}
[1777366029.908][DEBUG]: DevTools WebSocket Event: DOM.childNodeInserted 2846F8E841F44724619BCD3FFD3274CC {
   "node": {
      "attributes": [  ],
      "backendNodeId": 770,
      "childNodeCount": 1,
      "localName": "div",
      "nodeId": 62,
      "nodeName": "DIV",
      "nodeType": 1,
      "nodeValue": ""
   },
   "parentNodeId": 56,
   "previousNodeId": 0
}
[1777366029.908][DEBUG]: DevTools WebSocket Event: DOM.childNodeRemoved 2846F8E841F44724619BCD3FFD3274CC {
   "nodeId": 62,
   "parentNodeId": 56
}
[1777366029.921][DEBUG]: DevTools WebSocket Response: Runtime.evaluate (id=147) 2846F8E841F44724619BCD3FFD3274CC {
   "result": {
      "description": "1",
      "type": "number",
      "value": 1
   }
}
[1777366029.978][DEBUG]: DevTools WebSocket Event: DOM.childNodeCountUpdated 2846F8E841F44724619BCD3FFD3274CC {
   "childNodeCount": 64,
   "nodeId": 58
}
[1777366029.978][DEBUG]: DevTools WebSocket Command: Runtime.evaluate (id=148) 2846F8E841F44724619BCD3FFD3274CC {
   "expression": "1"
}
[1777366029.982][DEBUG]: DevTools WebSocket Response: Runtime.evaluate (id=148) 2846F8E841F44724619BCD3FFD3274CC {
   "result": {
      "description": "1",
      "type": "number",
      "value": 1
   }
}
[1777366030.010][DEBUG]: DevTools WebSocket Event: Page.frameResized 2846F8E841F44724619BCD3FFD3274CC {

}
[1777366030.010][DEBUG]: DevTools WebSocket Command: Runtime.evaluate (id=149) 2846F8E841F44724619BCD3FFD3274CC {
   "expression": "1"
}
[1777366030.014][DEBUG]: DevTools WebSocket Response: Runtime.evaluate (id=149) 2846F8E841F44724619BCD3FFD3274CC {
   "result": {
      "description": "1",
      "type": "number",
      "value": 1
   }
}
[1777366030.515][DEBUG]: DevTools WebSocket Command: Runtime.evaluate (id=150) 2846F8E841F44724619BCD3FFD3274CC {
   "expression": "1"
}
[1777366030.516][DEBUG]: DevTools WebSocket Response: Runtime.evaluate (id=150) 2846F8E841F44724619BCD3FFD3274CC {
   "result": {
      "description": "1",
      "type": "number",
      "value": 1
   }
}
[1777366030.799][DEBUG]: DevTools WebSocket Event: DOM.childNodeCountUpdated 2846F8E841F44724619BCD3FFD3274CC {
   "childNodeCount": 65,
   "nodeId": 58
}
[1777366030.799][DEBUG]: DevTools WebSocket Command: Runtime.evaluate (id=151) 2846F8E841F44724619BCD3FFD3274CC {
   "expression": "1"
}
[1777366030.800][DEBUG]: DevTools WebSocket Event: DOM.childNodeCountUpdated 2846F8E841F44724619BCD3FFD3274CC {
   "childNodeCount": 66,
   "nodeId": 58
}
[1777366030.800][DEBUG]: DevTools WebSocket Event: DOM.childNodeCountUpdated 2846F8E841F44724619BCD3FFD3274CC {
   "childNodeCount": 67,
   "nodeId": 58
}
[1777366030.824][DEBUG]: DevTools WebSocket Response: Runtime.evaluate (id=151) 2846F8E841F44724619BCD3FFD3274CC {
   "result": {
      "description": "1",
      "type": "number",
      "value": 1
   }
}
[1777366030.879][DEBUG]: DevTools WebSocket Event: DOM.childNodeCountUpdated 2846F8E841F44724619BCD3FFD3274CC {
   "childNodeCount": 68,
   "nodeId": 58
}
[1777366030.879][DEBUG]: DevTools WebSocket Command: Runtime.evaluate (id=152) 2846F8E841F44724619BCD3FFD3274CC {
   "expression": "1"
}
[1777366030.908][DEBUG]: DevTools WebSocket Response: Runtime.evaluate (id=152) 2846F8E841F44724619BCD3FFD3274CC {
   "result": {
      "description": "1",
      "type": "number",
      "value": 1
   }
}
[1777366030.930][DEBUG]: DevTools WebSocket Event: DOM.childNodeCountUpdated 2846F8E841F44724619BCD3FFD3274CC {
   "childNodeCount": 69,
   "nodeId": 58
}
[1777366030.930][DEBUG]: DevTools WebSocket Event: DOM.childNodeCountUpdated 2846F8E841F44724619BCD3FFD3274CC {
   "childNodeCount": 2,
   "nodeId": 61
}
[1777366030.930][DEBUG]: DevTools WebSocket Command: Runtime.evaluate (id=153) 2846F8E841F44724619BCD3FFD3274CC {
   "expression": "1"
}
[1777366031.036][DEBUG]: DevTools WebSocket Response: Runtime.evaluate (id=153) 2846F8E841F44724619BCD3FFD3274CC {
   "result": {
      "description": "1",
      "type": "number",
      "value": 1
   }
}
[1777366031.116][DEBUG]: DevTools WebSocket Event: DOM.childNodeCountUpdated 2846F8E841F44724619BCD3FFD3274CC {
   "childNodeCount": 70,
   "nodeId": 58
}
[1777366031.116][DEBUG]: DevTools WebSocket Command: Runtime.evaluate (id=154) 2846F8E841F44724619BCD3FFD3274CC {
   "expression": "1"
}
[1777366031.192][DEBUG]: DevTools WebSocket Response: Runtime.evaluate (id=154) 2846F8E841F44724619BCD3FFD3274CC {
   "result": {
      "description": "1",
      "type": "number",
      "value": 1
   }
}
[1777366031.351][DEBUG]: DevTools WebSocket Event: DOM.childNodeCountUpdated 2846F8E841F44724619BCD3FFD3274CC {
   "childNodeCount": 71,
   "nodeId": 58
}
[1777366031.351][DEBUG]: DevTools WebSocket Command: Runtime.evaluate (id=155) 2846F8E841F44724619BCD3FFD3274CC {
   "expression": "1"
}
[1777366031.382][DEBUG]: DevTools WebSocket Response: Runtime.evaluate (id=155) 2846F8E841F44724619BCD3FFD3274CC {
   "result": {
      "description": "1",
      "type": "number",
      "value": 1
   }
}
[1777366031.743][DEBUG]: DevTools WebSocket Event: DOM.childNodeCountUpdated 2846F8E841F44724619BCD3FFD3274CC {
   "childNodeCount": 3,
   "nodeId": 61
}
[1777366031.743][DEBUG]: DevTools WebSocket Command: Runtime.evaluate (id=156) 2846F8E841F44724619BCD3FFD3274CC {
   "expression": "1"
}
[1777366031.743][DEBUG]: DevTools WebSocket Event: DOM.childNodeCountUpdated 2846F8E841F44724619BCD3FFD3274CC {
   "childNodeCount": 4,
   "nodeId": 61
}
[1777366031.743][DEBUG]: DevTools WebSocket Event: DOM.childNodeCountUpdated 2846F8E841F44724619BCD3FFD3274CC {
   "childNodeCount": 72,
   "nodeId": 58
}
[1777366031.743][DEBUG]: DevTools WebSocket Event: DOM.childNodeCountUpdated 2846F8E841F44724619BCD3FFD3274CC {
   "childNodeCount": 5,
   "nodeId": 61
}
[1777366031.743][DEBUG]: DevTools WebSocket Event: DOM.documentUpdated 2846F8E841F44724619BCD3FFD3274CC {

}
[1777366031.743][DEBUG]: DevTools WebSocket Command: DOM.getDocument (id=157) 2846F8E841F44724619BCD3FFD3274CC {

}
[1777366031.744][DEBUG]: DevTools WebSocket Event: Page.domContentEventFired 2846F8E841F44724619BCD3FFD3274CC {
   "timestamp": 8160.846091
}
[1777366031.816][DEBUG]: DevTools WebSocket Event: Log.entryAdded 2846F8E841F44724619BCD3FFD3274CC {
   "entry": {
      "level": "warning",
      "lineNumber": 3862,
      "source": "deprecation",
      "stackTrace": {
         "callFrames": [ {
            "columnNumber": 2048,
            "functionName": "",
            "lineNumber": 3862,
            "scriptId": "628",
            "url": "https://www.amazon.in/"
         }, {
            "columnNumber": 3502,
            "functionName": "h",
            "lineNumber": 3862,
            "scriptId": "628",
            "url": "https://www.amazon.in/"
         }, {
            "columnNumber": 2276,
            "functionName": "e",
            "lineNumber": 3862,
            "scriptId": "628",
            "url": "https://www.amazon.in/"
         }, {
            "columnNumber": 3468,
            "functionName": "h",
            "lineNumber": 3862,
            "scriptId": "628",
            "url": "https://www.amazon.in/"
         }, {
            "columnNumber": 2269,
            "functionName": "e",
            "lineNumber": 3862,
            "scriptId": "628",
            "url": "https://www.amazon.in/"
         }, {
            "columnNumber": 2215,
            "functionName": "f",
            "lineNumber": 3862,
            "scriptId": "628",
            "url": "https://www.amazon.in/"
         }, {
            "columnNumber": 3653,
            "functionName": "",
            "lineNumber": 3862,
            "scriptId": "628",
            "url": "https://www.amazon.in/"
         }, {
            "columnNumber": 4148,
            "functionName": "",
            "lineNumber": 3862,
            "scriptId": "628",
            "url": "https://www.amazon.in/"
         }, {
            "columnNumber": 327,
            "functionName": "",
            "lineNumber": 3863,
            "scriptId": "628",
            "url": "https://www.amazon.in/"
         }, {
            "columnNumber": 3356,
            "functionName": "y",
            "lineNumber": 3862,
            "scriptId": "628",
            "url": "https://www.amazon.in/"
         }, {
            "columnNumber": 2690,
            "functionName": "",
            "lineNumber": 3862,
            "scriptId": "628",
            "url": "https://www.amazon.in/"
         }, {
            "columnNumber": 2303,
            "functionName": "e",
            "lineNumber": 3862,
            "scriptId": "628",
            "url": "https://www.amazon.in/"
         }, {
            "columnNumber": 2215,
            "functionName": "f",
            "lineNumber": 3862,
            "scriptId": "628",
            "url": "https://www.amazon.in/"
         }, {
            "columnNumber": 3653,
            "functionName": "",
            "lineNumber": 3862,
            "scriptId": "628",
            "url": "https://www.amazon.in/"
         }, {
            "columnNumber": 4148,
            "functionName": "",
            "lineNumber": 3862,
            "scriptId": "628",
            "url": "https://www.amazon.in/"
         }, {
            "columnNumber": 327,
            "functionName": "",
            "lineNumber": 3863,
            "scriptId": "628",
            "url": "https://www.amazon.in/"
         }, {
            "columnNumber": 3356,
            "functionName": "y",
            "lineNumber": 3862,
            "scriptId": "628",
            "url": "https://www.amazon.in/"
         }, {
            "columnNumber": 2690,
            "functionName": "",
            "lineNumber": 3862,
            "scriptId": "628",
            "url": "https://www.amazon.in/"
         }, {
            "columnNumber": 2303,
            "functionName": "e",
            "lineNumber": 3862,
            "scriptId": "628",
            "url": "https://www.amazon.in/"
         }, "..." ]
      },
      "text": "'window.webkitStorageInfo' is deprecated. Please use 'navigator.webkitTemporaryStorage' or 'navigator.webkitPersistentStorage' instead.",
      "timestamp": 1.777366031813904e+12,
      "url": "https://www.amazon.in/"
   }
}
[1777366031.857][DEBUG]: DevTools WebSocket Event: Page.loadEventFired 2846F8E841F44724619BCD3FFD3274CC {
   "timestamp": 8160.95431
}
[1777366031.857][DEBUG]: DevTools WebSocket Command: Runtime.evaluate (id=158) 2846F8E841F44724619BCD3FFD3274CC {
   "awaitPromise": false,
   "expression": "document.readyState",
   "returnByValue": true
}
[1777366031.857][DEBUG]: DevTools WebSocket Event: Page.frameStoppedLoading 2846F8E841F44724619BCD3FFD3274CC {
   "frameId": "2846F8E841F44724619BCD3FFD3274CC"
}
[1777366031.881][DEBUG]: DevTools WebSocket Event: Log.entryAdded 2846F8E841F44724619BCD3FFD3274CC {
   "entry": {
      "level": "error",
      "lineNumber": 38,
      "source": "security",
      "stackTrace": {
         "callFrames": [ {
            "columnNumber": 31673,
            "functionName": "a",
            "lineNumber": 38,
            "scriptId": "630",
            "url": "https://m.media-amazon.com/images/S/sash/zlzCs87oZmTUMf8.js?name=vendors"
         }, {
            "columnNumber": 265154,
            "functionName": "e.connect",
            "lineNumber": 23,
            "scriptId": "630",
            "url": "https://m.media-amazon.com/images/S/sash/zlzCs87oZmTUMf8.js?name=vendors"
         }, {
            "columnNumber": 261228,
            "functionName": "e.executeOperation",
            "lineNumber": 23,
            "scriptId": "630",
            "url": "https://m.media-amazon.com/images/S/sash/zlzCs87oZmTUMf8.js?name=vendors"
         }, {
            "columnNumber": 259726,
            "functionName": "t.subscribe",
            "lineNumber": 23,
            "scriptId": "630",
            "url": "https://m.media-amazon.com/images/S/sash/zlzCs87oZmTUMf8.js?name=vendors"
         }, {
            "columnNumber": 10365,
            "functionName": "",
            "lineNumber": 89,
            "scriptId": "630",
            "url": "https://m.media-amazon.com/images/S/sash/zlzCs87oZmTUMf8.js?name=vendors"
         }, {
            "columnNumber": 19480,
            "functionName": "e",
            "lineNumber": 0,
            "scriptId": "630",
            "url": "https://m.media-amazon.com/images/S/sash/zlzCs87oZmTUMf8.js?name=vendors"
         }, {
            "columnNumber": 20444,
            "functionName": "value",
            "lineNumber": 0,
            "scriptId": "630",
            "url": "https://m.media-amazon.com/images/S/sash/zlzCs87oZmTUMf8.js?name=vendors"
         }, {
            "columnNumber": 2939,
            "functionName": "",
            "lineNumber": 81,
            "scriptId": "630",
            "url": "https://m.media-amazon.com/images/S/sash/zlzCs87oZmTUMf8.js?name=vendors"
         }, {
            "columnNumber": 2983,
            "functionName": "",
            "lineNumber": 81,
            "scriptId": "630",
            "url": "https://m.media-amazon.com/images/S/sash/zlzCs87oZmTUMf8.js?name=vendors"
         }, {
            "columnNumber": 164188,
            "functionName": "w",
            "lineNumber": 25,
            "scriptId": "630",
            "url": "https://m.media-amazon.com/images/S/sash/zlzCs87oZmTUMf8.js?name=vendors"
         }, {
            "columnNumber": 2458,
            "functionName": "",
            "lineNumber": 81,
            "scriptId": "630",
            "url": "https://m.media-amazon.com/images/S/sash/zlzCs87oZmTUMf8.js?name=vendors"
         }, {
            "columnNumber": 211355,
            "functionName": "P.\u003Ccomputed>",
            "lineNumber": 57,
            "scriptId": "630",
            "url": "https://m.media-amazon.com/images/S/sash/zlzCs87oZmTUMf8.js?name=vendors"
         }, {
            "columnNumber": 215265,
            "functionName": "",
            "lineNumber": 57,
            "scriptId": "630",
            "url": "https://m.media-amazon.com/images/S/sash/zlzCs87oZmTUMf8.js?name=vendors"
         }, {
            "columnNumber": 216195,
            "functionName": "m",
            "lineNumber": 57,
            "scriptId": "630",
            "url": "https://m.media-amazon.com/images/S/sash/zlzCs87oZmTUMf8.js?name=vendors"
         }, {
            "columnNumber": 215721,
            "functionName": "h",
            "lineNumber": 57,
            "scriptId": "630",
            "url": "https://m.media-amazon.com/images/S/sash/zlzCs87oZmTUMf8.js?name=vendors"
         }, {
            "columnNumber": 215978,
            "functionName": "u",
            "lineNumber": 57,
            "scriptId": "630",
            "url": "https://m.media-amazon.com/images/S/sash/zlzCs87oZmTUMf8.js?name=vendors"
         }, {
            "columnNumber": 212699,
            "functionName": "P.\u003Ccomputed>",
            "lineNumber": 57,
            "scriptId": "630",
            "url": "https://m.media-amazon.com/images/S/sash/zlzCs87oZmTUMf8.js?name=vendors"
         }, {
            "columnNumber": 215265,
            "functionName": "",
            "lineNumber": 57,
            "scriptId": "630",
            "url": "https://m.media-amazon.com/images/S/sash/zlzCs87oZmTUMf8.js?name=vendors"
         }, {
            "columnNumber": 216195,
            "functionName": "m",
            "lineNumber": 57,
            "scriptId": "630",
            "url": "https://m.media-amazon.com/images/S/sash/zlzCs87oZmTUMf8.js?name=vendors"
         }, "..." ]
      },
      "text": "[Report Only] Refused to connect to 'wss://p47r3qkl5raepa5flsczs7khqq.appsync-realtime-api.eu-west-1.amazonaws.com/graphql?header=eyJob3N0IjoicDQ3cjNxa2w1cmFlcGE1ZmxzY3pzN2tocXEuYXBwc3luYy1hcGkuZXU...",
      "timestamp": 1.777366031879599e+12,
      "url": "https://m.media-amazon.com/images/S/sash/zlzCs87oZmTUMf8.js?name=vendors"
   }
}
[1777366032.000][DEBUG]: DevTools WebSocket Response: Runtime.evaluate (id=156) 2846F8E841F44724619BCD3FFD3274CC {
   "result": {
      "description": "1",
      "type": "number",
      "value": 1
   }
}
[1777366032.021][DEBUG]: DevTools WebSocket Response: DOM.getDocument (id=157) 2846F8E841F44724619BCD3FFD3274CC {
   "root": {
      "backendNodeId": 762,
      "baseURL": "https://www.amazon.in/",
      "childNodeCount": 2,
      "children": [ {
         "backendNodeId": 763,
         "localName": "",
         "nodeId": 64,
         "nodeName": "html",
         "nodeType": 10,
         "nodeValue": "",
         "parentId": 63,
         "publicId": "",
         "systemId": ""
      }, {
         "attributes": [ "lang", "en-in", "class", "a-ws a-js a-audio a-video a-canvas a-svg a-drag-drop a-geolocation a-history a-webworker a-autofocus a-input-placeholder a-textarea-placeholder a-local-storage a-gradients a-transform3d a-touch-scr...", "data-19ax5a9jf", "dingo", "data-aui-build-date", "3.26.4-2026-04-23", "data-useragent", "Mozilla/5.0 (X11; Linux x86_64) AppleWebKit/537.36 (KHTML, like Gecko) Chrome/91.0.4472.77 Safari/537.36", "data-platform", "Linux x86_64", "style", "--al-scrollbar-color:#C1C1C1; --al-primary-color:#FFFFFF; --al-highlight-color:#FF6200; --al-text-color:#000000;" ],
         "backendNodeId": 764,
         "childNodeCount": 5,
         "children": [ {
            "backendNodeId": 765,
            "localName": "",
            "nodeId": 66,
            "nodeName": "#comment",
            "nodeType": 8,
            "nodeValue": " sp:feature:head-start ",
            "parentId": 65
         }, {
            "attributes": [  ],
            "backendNodeId": 766,
            "childNodeCount": 75,
            "localName": "head",
            "nodeId": 67,
            "nodeName": "HEAD",
            "nodeType": 1,
            "nodeValue": "",
            "parentId": 65
         }, {
            "backendNodeId": 767,
            "localName": "",
            "nodeId": 68,
            "nodeName": "#comment",
            "nodeType": 8,
            "nodeValue": " sp:end-feature:head-close ",
            "parentId": 65
         }, {
            "backendNodeId": 768,
            "localName": "",
            "nodeId": 69,
            "nodeName": "#comment",
            "nodeType": 8,
            "nodeValue": " sp:feature:start-body ",
            "parentId": 65
         }, {
            "attributes": [ "class", "a-aui_72554-c a-aui_template_weblab_cache_333406-c" ],
            "backendNodeId": 769,
            "childNodeCount": 5,
            "localName": "body",
            "nodeId": 70,
            "nodeName": "BODY",
            "nodeType": 1,
            "nodeValue": "",
            "parentId": 65
         } ],
         "frameId": "2846F8E841F44724619BCD3FFD3274CC",
         "localName": "html",
         "nodeId": 65,
         "nodeName": "HTML",
         "nodeType": 1,
         "nodeValue": "",
         "parentId": 63
      } ],
      "documentURL": "https://www.amazon.in/",
      "localName": "",
      "nodeId": 63,
      "nodeName": "#document",
      "nodeType": 9,
      "nodeValue": "",
      "xmlVersion": ""
   }
}
[1777366032.071][DEBUG]: DevTools WebSocket Response: Runtime.evaluate (id=158) 2846F8E841F44724619BCD3FFD3274CC {
   "result": {
      "type": "string",
      "value": "complete"
   }
}
[1777366032.071][INFO]: Done waiting for pending navigations. Status: ok
[1777366032.071][INFO]: [1f06e95b50b89884cf09928311c93952] RESPONSE Navigate
[1777366052.092][INFO]: [1f06e95b50b89884cf09928311c93952] COMMAND FindElement {
   "using": "link text",
   "value": "Electronics"
}
[1777366052.092][DEBUG]: DevTools WebSocket Event: DOM.attributeModified 2846F8E841F44724619BCD3FFD3274CC {
   "name": "class",
   "nodeId": 70,
   "value": "a-aui_72554-c a-aui_template_weblab_cache_333406-c a-meter-animate"
}
[1777366052.092][DEBUG]: DevTools WebSocket Event: Target.attachedToTarget 2846F8E841F44724619BCD3FFD3274CC {
   "sessionId": "63771CEDD3FB7C6F75CEA100119F9FBC",
   "targetInfo": {
      "attached": true,
      "browserContextId": "8ACEE6B50745CF4CEAB1DDFBC17555D7",
      "canAccessOpener": false,
      "targetId": "B93976DD662AB4412E29C9573BE84A60",
      "title": "blob:https://www.amazon.in/91c4eca2-e844-4ced-865a-58a02950ca53",
      "type": "worker",
      "url": "blob:https://www.amazon.in/91c4eca2-e844-4ced-865a-58a02950ca53"
   },
   "waitingForDebugger": false
}
[1777366052.092][DEBUG]: DevTools WebSocket Event: Page.frameAttached 2846F8E841F44724619BCD3FFD3274CC {
   "frameId": "B593B8F633A9D051F35A0D0C2B1DA88A",
   "parentFrameId": "2846F8E841F44724619BCD3FFD3274CC",
   "stack": {
      "callFrames": [ {
         "columnNumber": 344,
         "functionName": "",
         "lineNumber": 3640,
         "scriptId": "622",
         "url": "https://www.amazon.in/"
      } ]
   }
}
[1777366052.092][DEBUG]: DevTools WebSocket Event: Page.frameStartedLoading 2846F8E841F44724619BCD3FFD3274CC {
   "frameId": "B593B8F633A9D051F35A0D0C2B1DA88A"
}
[1777366052.092][DEBUG]: DevTools WebSocket Event: DOM.childNodeCountUpdated 2846F8E841F44724619BCD3FFD3274CC {
   "childNodeCount": 4,
   "nodeId": 70
}
[1777366052.092][DEBUG]: DevTools WebSocket Event: DOM.childNodeCountUpdated 2846F8E841F44724619BCD3FFD3274CC {
   "childNodeCount": 76,
   "nodeId": 67
}
[1777366052.092][DEBUG]: DevTools WebSocket Event: DOM.childNodeCountUpdated 2846F8E841F44724619BCD3FFD3274CC {
   "childNodeCount": 5,
   "nodeId": 70
}
[1777366052.092][DEBUG]: DevTools WebSocket Event: DOM.childNodeCountUpdated 2846F8E841F44724619BCD3FFD3274CC {
   "childNodeCount": 4,
   "nodeId": 70
}
[1777366052.093][DEBUG]: DevTools WebSocket Event: DOM.childNodeCountUpdated 2846F8E841F44724619BCD3FFD3274CC {
   "childNodeCount": 5,
   "nodeId": 70
}
[1777366052.093][DEBUG]: DevTools WebSocket Event: DOM.childNodeCountUpdated 2846F8E841F44724619BCD3FFD3274CC {
   "childNodeCount": 4,
   "nodeId": 70
}
[1777366052.093][DEBUG]: DevTools WebSocket Event: Target.attachedToTarget 2846F8E841F44724619BCD3FFD3274CC {
   "sessionId": "47E1A6ADEBAD9E9C7761D0A24EAE99C2",
   "targetInfo": {
      "attached": true,
      "browserContextId": "8ACEE6B50745CF4CEAB1DDFBC17555D7",
      "canAccessOpener": false,
      "targetId": "B593B8F633A9D051F35A0D0C2B1DA88A",
      "title": "",
      "type": "iframe",
      "url": ""
   },
   "waitingForDebugger": false
}
[1777366052.093][DEBUG]: DevTools WebSocket Command: Page.addScriptToEvaluateOnNewDocument (id=1) 47E1A6ADEBAD9E9C7761D0A24EAE99C2 {
   "source": "(function () {window.cdc_adoQpoasnfa76pfcZLmcfl_Array = window.Array;window.cdc_adoQpoasnfa76pfcZLmcfl_Promise = window.Promise;window.cdc_adoQpoasnfa76pfcZLmcfl_Symbol = window.Symbol;}) ();"
}
[1777366052.093][DEBUG]: DevTools WebSocket Command: Runtime.evaluate (id=2) 47E1A6ADEBAD9E9C7761D0A24EAE99C2 {
   "expression": "(function () {window.cdc_adoQpoasnfa76pfcZLmcfl_Array = window.Array;window.cdc_adoQpoasnfa76pfcZLmcfl_Promise = window.Promise;window.cdc_adoQpoasnfa76pfcZLmcfl_Symbol = window.Symbol;}) ();"
}
[1777366052.093][DEBUG]: DevTools WebSocket Command: DOM.getDocument (id=3) 47E1A6ADEBAD9E9C7761D0A24EAE99C2 {

}
[1777366052.093][DEBUG]: DevTools WebSocket Command: Target.setAutoAttach (id=4) 47E1A6ADEBAD9E9C7761D0A24EAE99C2 {
   "autoAttach": true,
   "flatten": true,
   "waitForDebuggerOnStart": false
}
[1777366052.094][DEBUG]: DevTools WebSocket Command: Page.enable (id=5) 47E1A6ADEBAD9E9C7761D0A24EAE99C2 {

}
[1777366052.094][DEBUG]: DevTools WebSocket Command: Page.enable (id=159) 2846F8E841F44724619BCD3FFD3274CC {

}
[1777366052.094][DEBUG]: DevTools WebSocket Event: Page.frameStoppedLoading 2846F8E841F44724619BCD3FFD3274CC {
   "frameId": "B593B8F633A9D051F35A0D0C2B1DA88A"
}
[1777366052.094][DEBUG]: DevTools WebSocket Event: Page.frameDetached 2846F8E841F44724619BCD3FFD3274CC {
   "frameId": "B593B8F633A9D051F35A0D0C2B1DA88A",
   "reason": "swap"
}
[1777366052.094][DEBUG]: DevTools WebSocket Event: Runtime.consoleAPICalled 2846F8E841F44724619BCD3FFD3274CC {
   "args": [ {
      "type": "string",
      "value": "Request build time = 0, fetch time = 965"
   } ],
   "executionContextId": 6,
   "stackTrace": {
      "callFrames": [ {
         "columnNumber": 138146,
         "functionName": "",
         "lineNumber": 0,
         "scriptId": "631",
         "url": "https://m.media-amazon.com/images/S/sash/cHo58NGi2QCQfS6.js?name=app"
      }, {
         "columnNumber": 137655,
         "functionName": "i",
         "lineNumber": 0,
         "scriptId": "631",
         "url": "https://m.media-amazon.com/images/S/sash/cHo58NGi2QCQfS6.js?name=app"
      } ]
   },
   "timestamp": 1.77736603283088e+12,
   "type": "debug"
}
[1777366052.094][DEBUG]: DevTools WebSocket Event: Log.entryAdded 2846F8E841F44724619BCD3FFD3274CC {
   "entry": {
      "level": "info",
      "lineNumber": 1,
      "source": "worker",
      "stackTrace": {
         "callFrames": [ {
            "columnNumber": 23001,
            "functionName": "t._emscripten_log_js",
            "lineNumber": 1,
            "scriptId": "4",
            "url": "https://player.live-video.net/1.19.0/amazon-ivs-wasmworker.min.js"
         } ]
      },
      "text": "Amazon IVS Player SDK 1.19.0",
      "timestamp": 1.777366033160255e+12,
      "url": "https://player.live-video.net/1.19.0/amazon-ivs-wasmworker.min.js",
      "workerId": "B93976DD662AB4412E29C9573BE84A60"
   }
}
[1777366052.094][DEBUG]: DevTools WebSocket Event: DOM.childNodeCountUpdated 2846F8E841F44724619BCD3FFD3274CC {
   "childNodeCount": 77,
   "nodeId": 67
}
[1777366052.094][DEBUG]: DevTools WebSocket Event: DOM.childNodeCountUpdated 2846F8E841F44724619BCD3FFD3274CC {
   "childNodeCount": 78,
   "nodeId": 67
}
[1777366052.094][DEBUG]: DevTools WebSocket Event: DOM.childNodeCountUpdated 2846F8E841F44724619BCD3FFD3274CC {
   "childNodeCount": 79,
   "nodeId": 67
}
[1777366052.094][DEBUG]: DevTools WebSocket Response: Page.addScriptToEvaluateOnNewDocument (id=1) 47E1A6ADEBAD9E9C7761D0A24EAE99C2 {
   "identifier": "1"
}
[1777366052.094][DEBUG]: DevTools WebSocket Response: Runtime.evaluate (id=2) 47E1A6ADEBAD9E9C7761D0A24EAE99C2 {
   "result": {
      "type": "undefined"
   }
}
[1777366052.095][DEBUG]: DevTools WebSocket Response: DOM.getDocument (id=3) 47E1A6ADEBAD9E9C7761D0A24EAE99C2 {
   "root": {
      "backendNodeId": 1,
      "baseURL": "https://aax-eu.amazon-adsystem.com/s/iu3?d=amazon.in&slot=navFooter&a2=010172f5953ca571f44b6ab38d37f0c6ebd6bf5442b9bd58c59b2484a4e2dc59db72&old_oo=0&ts=1777366030624&s=AQg4j0UPmzX3x5MigrZr_yMYSIbIQ...",
      "childNodeCount": 1,
      "children": [ {
         "attributes": [  ],
         "backendNodeId": 3,
         "childNodeCount": 2,
         "children": [ {
            "attributes": [  ],
            "backendNodeId": 4,
            "childNodeCount": 0,
            "localName": "head",
            "nodeId": 3,
            "nodeName": "HEAD",
            "nodeType": 1,
            "nodeValue": "",
            "parentId": 2
         }, {
            "attributes": [ "style", "background-color:transparent", "marginwidth", "0", "marginheight", "0" ],
            "backendNodeId": 5,
            "childNodeCount": 1,
            "localName": "body",
            "nodeId": 4,
            "nodeName": "BODY",
            "nodeType": 1,
            "nodeValue": "",
            "parentId": 2
         } ],
         "frameId": "B593B8F633A9D051F35A0D0C2B1DA88A",
         "localName": "html",
         "nodeId": 2,
         "nodeName": "HTML",
         "nodeType": 1,
         "nodeValue": "",
         "parentId": 1
      } ],
      "documentURL": "https://aax-eu.amazon-adsystem.com/s/iu3?d=amazon.in&slot=navFooter&a2=010172f5953ca571f44b6ab38d37f0c6ebd6bf5442b9bd58c59b2484a4e2dc59db72&old_oo=0&ts=1777366030624&s=AQg4j0UPmzX3x5MigrZr_yMYSIbIQ...",
      "localName": "",
      "nodeId": 1,
      "nodeName": "#document",
      "nodeType": 9,
      "nodeValue": "",
      "xmlVersion": ""
   }
}
[1777366052.095][DEBUG]: DevTools WebSocket Response: Target.setAutoAttach (id=4) 47E1A6ADEBAD9E9C7761D0A24EAE99C2 {

}
[1777366052.095][DEBUG]: DevTools WebSocket Response: Page.enable (id=5) 47E1A6ADEBAD9E9C7761D0A24EAE99C2 {

}
[1777366052.095][DEBUG]: DevTools WebSocket Response: Page.enable (id=159) 2846F8E841F44724619BCD3FFD3274CC {

}
[1777366052.095][DEBUG]: DevTools WebSocket Command: Runtime.enable (id=6) 47E1A6ADEBAD9E9C7761D0A24EAE99C2 {

}
[1777366052.096][DEBUG]: DevTools WebSocket Event: Runtime.executionContextCreated 47E1A6ADEBAD9E9C7761D0A24EAE99C2 {
   "context": {
      "auxData": {
         "frameId": "8706372037240193C285BD3F30F39CD3",
         "isDefault": true,
         "type": "default"
      },
      "id": 2,
      "name": "",
      "origin": "://",
      "uniqueId": "-4914063445462020504.5684371667466629463"
   }
}
[1777366052.096][DEBUG]: DevTools WebSocket Event: Runtime.executionContextCreated 47E1A6ADEBAD9E9C7761D0A24EAE99C2 {
   "context": {
      "auxData": {
         "frameId": "B593B8F633A9D051F35A0D0C2B1DA88A",
         "isDefault": true,
         "type": "default"
      },
      "id": 1,
      "name": "",
      "origin": "://",
      "uniqueId": "2986234770984927661.6165388359568591153"
   }
}
[1777366052.096][DEBUG]: DevTools WebSocket Response: Runtime.enable (id=6) 47E1A6ADEBAD9E9C7761D0A24EAE99C2 {

}
[1777366052.096][DEBUG]: DevTools WebSocket Command: Page.enable (id=7) 47E1A6ADEBAD9E9C7761D0A24EAE99C2 {

}
[1777366052.096][DEBUG]: DevTools WebSocket Response: Page.enable (id=7) 47E1A6ADEBAD9E9C7761D0A24EAE99C2 {

}
[1777366052.096][INFO]: Waiting for pending navigations...
[1777366052.096][DEBUG]: DevTools WebSocket Command: Runtime.evaluate (id=160) 2846F8E841F44724619BCD3FFD3274CC {
   "expression": "1"
}
[1777366052.097][DEBUG]: DevTools WebSocket Response: Runtime.evaluate (id=160) 2846F8E841F44724619BCD3FFD3274CC {
   "result": {
      "description": "1",
      "type": "number",
      "value": 1
   }
}
[1777366052.097][DEBUG]: DevTools WebSocket Command: DOM.getDocument (id=161) 2846F8E841F44724619BCD3FFD3274CC {

}
[1777366052.098][DEBUG]: DevTools WebSocket Response: DOM.getDocument (id=161) 2846F8E841F44724619BCD3FFD3274CC {
   "root": {
      "backendNodeId": 762,
      "baseURL": "https://www.amazon.in/",
      "childNodeCount": 2,
      "children": [ {
         "backendNodeId": 763,
         "localName": "",
         "nodeId": 72,
         "nodeName": "html",
         "nodeType": 10,
         "nodeValue": "",
         "parentId": 71,
         "publicId": "",
         "systemId": ""
      }, {
         "attributes": [ "lang", "en-in", "class", "a-ws a-js a-audio a-video a-canvas a-svg a-drag-drop a-geolocation a-history a-webworker a-autofocus a-input-placeholder a-textarea-placeholder a-local-storage a-gradients a-transform3d a-touch-scr...", "data-19ax5a9jf", "dingo", "data-aui-build-date", "3.26.4-2026-04-23", "data-useragent", "Mozilla/5.0 (X11; Linux x86_64) AppleWebKit/537.36 (KHTML, like Gecko) Chrome/91.0.4472.77 Safari/537.36", "data-platform", "Linux x86_64", "style", "--al-scrollbar-color:#C1C1C1; --al-primary-color:#FFFFFF; --al-highlight-color:#FF6200; --al-text-color:#000000;" ],
         "backendNodeId": 764,
         "childNodeCount": 5,
         "children": [ {
            "backendNodeId": 765,
            "localName": "",
            "nodeId": 74,
            "nodeName": "#comment",
            "nodeType": 8,
            "nodeValue": " sp:feature:head-start ",
            "parentId": 73
         }, {
            "attributes": [  ],
            "backendNodeId": 766,
            "childNodeCount": 79,
            "localName": "head",
            "nodeId": 75,
            "nodeName": "HEAD",
            "nodeType": 1,
            "nodeValue": "",
            "parentId": 73
         }, {
            "backendNodeId": 767,
            "localName": "",
            "nodeId": 76,
            "nodeName": "#comment",
            "nodeType": 8,
            "nodeValue": " sp:end-feature:head-close ",
            "parentId": 73
         }, {
            "backendNodeId": 768,
            "localName": "",
            "nodeId": 77,
            "nodeName": "#comment",
            "nodeType": 8,
            "nodeValue": " sp:feature:start-body ",
            "parentId": 73
         }, {
            "attributes": [ "class", "a-aui_72554-c a-aui_template_weblab_cache_333406-c a-meter-animate" ],
            "backendNodeId": 769,
            "childNodeCount": 4,
            "localName": "body",
            "nodeId": 78,
            "nodeName": "BODY",
            "nodeType": 1,
            "nodeValue": "",
            "parentId": 73
         } ],
         "frameId": "2846F8E841F44724619BCD3FFD3274CC",
         "localName": "html",
         "nodeId": 73,
         "nodeName": "HTML",
         "nodeType": 1,
         "nodeValue": "",
         "parentId": 71
      } ],
      "documentURL": "https://www.amazon.in/",
      "localName": "",
      "nodeId": 71,
      "nodeName": "#document",
      "nodeType": 9,
      "nodeValue": "",
      "xmlVersion": ""
   }
}
[1777366052.098][DEBUG]: DevTools WebSocket Command: Runtime.evaluate (id=162) 2846F8E841F44724619BCD3FFD3274CC {
   "awaitPromise": false,
   "expression": "document.readyState",
   "returnByValue": true
}
[1777366052.098][DEBUG]: DevTools WebSocket Response: Runtime.evaluate (id=162) 2846F8E841F44724619BCD3FFD3274CC {
   "result": {
      "type": "string",
      "value": "complete"
   }
}
[1777366052.098][INFO]: Done waiting for pending navigations. Status: ok
[1777366052.101][DEBUG]: DevTools WebSocket Command: Runtime.evaluate (id=163) 2846F8E841F44724619BCD3FFD3274CC {
   "awaitPromise": true,
   "expression": "(function() { // Copyright (c) 2012 The Chromium Authors. All rights reserved.\n// Use of this source code is governed by a BSD-style license that can be\n// found in the LICENSE file.\n\n/**\n * Enum f...",
   "returnByValue": true
}
[1777366052.157][DEBUG]: DevTools WebSocket Response: Runtime.evaluate (id=163) 2846F8E841F44724619BCD3FFD3274CC {
   "result": {
      "type": "object",
      "value": {
         "status": 0,
         "value": {
            "element-6066-11e4-a52e-4f735466cecf": "1302d402-68a1-49ca-bc85-8b3c249f2ef5"
         }
      }
   }
}
[1777366052.158][INFO]: Waiting for pending navigations...
[1777366052.158][DEBUG]: DevTools WebSocket Command: Runtime.evaluate (id=164) 2846F8E841F44724619BCD3FFD3274CC {
   "expression": "1"
}
[1777366052.158][DEBUG]: DevTools WebSocket Response: Runtime.evaluate (id=164) 2846F8E841F44724619BCD3FFD3274CC {
   "result": {
      "description": "1",
      "type": "number",
      "value": 1
   }
}
[1777366052.158][INFO]: Done waiting for pending navigations. Status: ok
[1777366052.158][INFO]: [1f06e95b50b89884cf09928311c93952] RESPONSE FindElement {
   "element-6066-11e4-a52e-4f735466cecf": "1302d402-68a1-49ca-bc85-8b3c249f2ef5"
}
[1777366052.184][INFO]: [1f06e95b50b89884cf09928311c93952] COMMAND ClickElement {
   "id": "1302d402-68a1-49ca-bc85-8b3c249f2ef5"
}
[1777366052.184][INFO]: Waiting for pending navigations...
[1777366052.184][DEBUG]: DevTools WebSocket Command: Runtime.evaluate (id=165) 2846F8E841F44724619BCD3FFD3274CC {
   "expression": "1"
}
[1777366052.185][DEBUG]: DevTools WebSocket Response: Runtime.evaluate (id=165) 2846F8E841F44724619BCD3FFD3274CC {
   "result": {
      "description": "1",
      "type": "number",
      "value": 1
   }
}
[1777366052.185][INFO]: Done waiting for pending navigations. Status: ok
[1777366052.185][DEBUG]: DevTools WebSocket Command: Runtime.evaluate (id=166) 2846F8E841F44724619BCD3FFD3274CC {
   "awaitPromise": true,
   "expression": "(function() { // Copyright (c) 2012 The Chromium Authors. All rights reserved.\n// Use of this source code is governed by a BSD-style license that can be\n// found in the LICENSE file.\n\n/**\n * Enum f...",
   "returnByValue": true
}
[1777366052.187][DEBUG]: DevTools WebSocket Response: Runtime.evaluate (id=166) 2846F8E841F44724619BCD3FFD3274CC {
   "result": {
      "type": "object",
      "value": {
         "status": 0,
         "value": "a"
      }
   }
}
[1777366052.188][DEBUG]: DevTools WebSocket Command: Runtime.evaluate (id=167) 2846F8E841F44724619BCD3FFD3274CC {
   "awaitPromise": true,
   "expression": "(function() { // Copyright (c) 2012 The Chromium Authors. All rights reserved.\n// Use of this source code is governed by a BSD-style license that can be\n// found in the LICENSE file.\n\n/**\n * Enum f...",
   "returnByValue": true
}
[1777366052.189][DEBUG]: DevTools WebSocket Response: Runtime.evaluate (id=167) 2846F8E841F44724619BCD3FFD3274CC {
   "result": {
      "type": "object",
      "value": {
         "status": 0,
         "value": "a"
      }
   }
}
[1777366052.191][DEBUG]: DevTools WebSocket Command: Runtime.evaluate (id=168) 2846F8E841F44724619BCD3FFD3274CC {
   "awaitPromise": true,
   "expression": "(function() { // Copyright (c) 2012 The Chromium Authors. All rights reserved.\n// Use of this source code is governed by a BSD-style license that can be\n// found in the LICENSE file.\n\n/**\n * Enum f...",
   "returnByValue": true
}
[1777366052.199][DEBUG]: DevTools WebSocket Response: Runtime.evaluate (id=168) 2846F8E841F44724619BCD3FFD3274CC {
   "result": {
      "type": "object",
      "value": {
         "status": 0,
         "value": true
      }
   }
}
[1777366052.200][DEBUG]: DevTools WebSocket Command: Runtime.evaluate (id=169) 2846F8E841F44724619BCD3FFD3274CC {
   "awaitPromise": true,
   "expression": "(function() { // Copyright (c) 2012 The Chromium Authors. All rights reserved.\n// Use of this source code is governed by a BSD-style license that can be\n// found in the LICENSE file.\n\n/**\n * Enum f...",
   "returnByValue": true
}
[1777366052.202][DEBUG]: DevTools WebSocket Response: Runtime.evaluate (id=169) 2846F8E841F44724619BCD3FFD3274CC {
   "result": {
      "type": "object",
      "value": {
         "status": 0,
         "value": {
            "height": 28,
            "left": 0,
            "top": 0,
            "width": 78.71875
         }
      }
   }
}
[1777366052.204][DEBUG]: DevTools WebSocket Command: Runtime.evaluate (id=170) 2846F8E841F44724619BCD3FFD3274CC {
   "awaitPromise": true,
   "expression": "(function() { // Copyright (c) 2012 The Chromium Authors. All rights reserved.\n// Use of this source code is governed by a BSD-style license that can be\n// found in the LICENSE file.\n\n/**\n * Enum f...",
   "returnByValue": true
}
[1777366052.210][DEBUG]: DevTools WebSocket Response: Runtime.evaluate (id=170) 2846F8E841F44724619BCD3FFD3274CC {
   "result": {
      "type": "object",
      "value": {
         "status": 0,
         "value": {
            "ceil": {

            },
            "clone": {

            },
            "floor": {

            },
            "round": {

            },
            "scale": {

            },
            "translate": {

            },
            "x": 922.671875,
            "y": 65
         }
      }
   }
}
[1777366052.212][DEBUG]: DevTools WebSocket Command: Runtime.evaluate (id=171) 2846F8E841F44724619BCD3FFD3274CC {
   "awaitPromise": true,
   "expression": "(function() { // Copyright (c) 2012 The Chromium Authors. All rights reserved.\n// Use of this source code is governed by a BSD-style license that can be\n// found in the LICENSE file.\n\n/**\n * Enum f...",
   "returnByValue": true
}
[1777366052.217][DEBUG]: DevTools WebSocket Response: Runtime.evaluate (id=171) 2846F8E841F44724619BCD3FFD3274CC {
   "result": {
      "type": "object",
      "value": {
         "status": 0,
         "value": {
            "clickable": true
         }
      }
   }
}
[1777366052.217][DEBUG]: DevTools WebSocket Command: Input.dispatchMouseEvent (id=172) 2846F8E841F44724619BCD3FFD3274CC {
   "button": "none",
   "buttons": 0,
   "clickCount": 0,
   "force": 0.0,
   "modifiers": 0,
   "pointerType": "mouse",
   "tangentialPressure": 0.0,
   "tiltX": 0,
   "tiltY": 0,
   "twist": 0,
   "type": "mouseMoved",
   "x": 961,
   "y": 79
}
[1777366052.217][DEBUG]: DevTools WebSocket Command: Input.dispatchMouseEvent (id=173) 2846F8E841F44724619BCD3FFD3274CC {
   "button": "left",
   "buttons": 0,
   "clickCount": 1,
   "force": 0.0,
   "modifiers": 0,
   "pointerType": "mouse",
   "tangentialPressure": 0.0,
   "tiltX": 0,
   "tiltY": 0,
   "twist": 0,
   "type": "mousePressed",
   "x": 961,
   "y": 79
}
[1777366052.217][DEBUG]: DevTools WebSocket Command: Input.dispatchMouseEvent (id=174) 2846F8E841F44724619BCD3FFD3274CC {
   "button": "left",
   "buttons": 1,
   "clickCount": 1,
   "force": 0.0,
   "modifiers": 0,
   "pointerType": "mouse",
   "tangentialPressure": 0.0,
   "tiltX": 0,
   "tiltY": 0,
   "twist": 0,
   "type": "mouseReleased",
   "x": 961,
   "y": 79
}
[1777366052.328][DEBUG]: DevTools WebSocket Response: Input.dispatchMouseEvent (id=172) 2846F8E841F44724619BCD3FFD3274CC {

}
[1777366052.373][DEBUG]: DevTools WebSocket Response: Input.dispatchMouseEvent (id=173) 2846F8E841F44724619BCD3FFD3274CC {

}
[1777366052.417][DEBUG]: DevTools WebSocket Event: Page.frameScheduledNavigation 2846F8E841F44724619BCD3FFD3274CC {
   "delay": 0,
   "frameId": "2846F8E841F44724619BCD3FFD3274CC",
   "reason": "anchorClick",
   "url": "https://www.amazon.in/electronics/b/?ie=UTF8&node=976419031&ref_=nav_cs_electronics"
}
[1777366052.417][DEBUG]: DevTools WebSocket Event: Page.frameRequestedNavigation 2846F8E841F44724619BCD3FFD3274CC {
   "disposition": "currentTab",
   "frameId": "2846F8E841F44724619BCD3FFD3274CC",
   "reason": "anchorClick",
   "url": "https://www.amazon.in/electronics/b/?ie=UTF8&node=976419031&ref_=nav_cs_electronics"
}
[1777366052.424][DEBUG]: DevTools WebSocket Event: Page.frameStartedLoading 2846F8E841F44724619BCD3FFD3274CC {
   "frameId": "2846F8E841F44724619BCD3FFD3274CC"
}
[1777366052.430][DEBUG]: DevTools WebSocket Event: Page.frameClearedScheduledNavigation 2846F8E841F44724619BCD3FFD3274CC {
   "frameId": "2846F8E841F44724619BCD3FFD3274CC"
}
[1777366052.430][DEBUG]: DevTools WebSocket Response: Input.dispatchMouseEvent (id=174) 2846F8E841F44724619BCD3FFD3274CC {

}
[1777366052.430][INFO]: Waiting for pending navigations...
[1777366052.430][DEBUG]: DevTools WebSocket Command: Runtime.evaluate (id=175) 2846F8E841F44724619BCD3FFD3274CC {
   "expression": "1"
}
[1777366053.662][DEBUG]: DevTools WebSocket Event: Target.detachedFromTarget 2846F8E841F44724619BCD3FFD3274CC {
   "sessionId": "63771CEDD3FB7C6F75CEA100119F9FBC",
   "targetId": "B93976DD662AB4412E29C9573BE84A60"
}
[1777366053.681][DEBUG]: DevTools WebSocket Event: Target.detachedFromTarget 2846F8E841F44724619BCD3FFD3274CC {
   "sessionId": "47E1A6ADEBAD9E9C7761D0A24EAE99C2",
   "targetId": "B593B8F633A9D051F35A0D0C2B1DA88A"
}
[1777366053.718][DEBUG]: DevTools WebSocket Event: Runtime.executionContextsCleared 2846F8E841F44724619BCD3FFD3274CC {

}
[1777366053.718][DEBUG]: DevTools WebSocket Event: Page.frameNavigated 2846F8E841F44724619BCD3FFD3274CC {
   "frame": {
      "adFrameType": "none",
      "crossOriginIsolatedContextType": "NotIsolated",
      "domainAndRegistry": "amazon.in",
      "gatedAPIFeatures": [ "SharedArrayBuffersTransferAllowed" ],
      "id": "2846F8E841F44724619BCD3FFD3274CC",
      "loaderId": "1CB217EAE2D95643044F8B169CC377FA",
      "mimeType": "text/html",
      "secureContextType": "Secure",
      "securityOrigin": "https://www.amazon.in",
      "url": "https://www.amazon.in/electronics/b/?ie=UTF8&node=976419031&ref_=nav_cs_electronics"
   }
}
[1777366053.718][DEBUG]: DevTools WebSocket Event: Runtime.executionContextCreated 2846F8E841F44724619BCD3FFD3274CC {
   "context": {
      "auxData": {
         "frameId": "2846F8E841F44724619BCD3FFD3274CC",
         "isDefault": true,
         "type": "default"
      },
      "id": 7,
      "name": "",
      "origin": "https://www.amazon.in",
      "uniqueId": "1593743492555784707.-2949315657834264909"
   }
}
[1777366053.718][DEBUG]: DevTools WebSocket Event: DOM.documentUpdated 2846F8E841F44724619BCD3FFD3274CC {

}
[1777366053.718][DEBUG]: DevTools WebSocket Command: DOM.getDocument (id=176) 2846F8E841F44724619BCD3FFD3274CC {

}
[1777366053.724][DEBUG]: DevTools WebSocket Response: Runtime.evaluate (id=175) 2846F8E841F44724619BCD3FFD3274CC {
   "result": {
      "description": "1",
      "type": "number",
      "value": 1
   }
}
[1777366053.732][DEBUG]: DevTools WebSocket Response: DOM.getDocument (id=176) 2846F8E841F44724619BCD3FFD3274CC {
   "root": {
      "backendNodeId": 1030,
      "baseURL": "https://www.amazon.in/electronics/b/?ie=UTF8&node=976419031&ref_=nav_cs_electronics",
      "childNodeCount": 2,
      "children": [ {
         "backendNodeId": 1031,
         "localName": "",
         "nodeId": 80,
         "nodeName": "html",
         "nodeType": 10,
         "nodeValue": "",
         "parentId": 79,
         "publicId": "",
         "systemId": ""
      }, {
         "attributes": [ "lang", "en-in", "class", "a-no-js", "data-19ax5a9jf", "dingo" ],
         "backendNodeId": 1032,
         "childNodeCount": 2,
         "children": [ {
            "backendNodeId": 1033,
            "localName": "",
            "nodeId": 82,
            "nodeName": "#comment",
            "nodeType": 8,
            "nodeValue": " sp:feature:head-start ",
            "parentId": 81
         }, {
            "attributes": [  ],
            "backendNodeId": 1034,
            "childNodeCount": 15,
            "localName": "head",
            "nodeId": 83,
            "nodeName": "HEAD",
            "nodeType": 1,
            "nodeValue": "",
            "parentId": 81
         } ],
         "frameId": "2846F8E841F44724619BCD3FFD3274CC",
         "localName": "html",
         "nodeId": 81,
         "nodeName": "HTML",
         "nodeType": 1,
         "nodeValue": "",
         "parentId": 79
      } ],
      "documentURL": "https://www.amazon.in/electronics/b/?ie=UTF8&node=976419031&ref_=nav_cs_electronics",
      "localName": "",
      "nodeId": 79,
      "nodeName": "#document",
      "nodeType": 9,
      "nodeValue": "",
      "xmlVersion": ""
   }
}
[1777366053.732][DEBUG]: DevTools WebSocket Command: Runtime.evaluate (id=177) 2846F8E841F44724619BCD3FFD3274CC {
   "expression": "1"
}
[1777366053.733][DEBUG]: DevTools WebSocket Response: Runtime.evaluate (id=177) 2846F8E841F44724619BCD3FFD3274CC {
   "result": {
      "description": "1",
      "type": "number",
      "value": 1
   }
}
[1777366053.816][DEBUG]: DevTools WebSocket Event: DOM.childNodeCountUpdated 2846F8E841F44724619BCD3FFD3274CC {
   "childNodeCount": 16,
   "nodeId": 83
}
[1777366053.816][DEBUG]: DevTools WebSocket Event: DOM.childNodeCountUpdated 2846F8E841F44724619BCD3FFD3274CC {
   "childNodeCount": 17,
   "nodeId": 83
}
[1777366053.816][DEBUG]: DevTools WebSocket Event: DOM.childNodeCountUpdated 2846F8E841F44724619BCD3FFD3274CC {
   "childNodeCount": 18,
   "nodeId": 83
}
[1777366053.816][DEBUG]: DevTools WebSocket Event: DOM.childNodeCountUpdated 2846F8E841F44724619BCD3FFD3274CC {
   "childNodeCount": 19,
   "nodeId": 83
}
[1777366053.816][DEBUG]: DevTools WebSocket Event: DOM.childNodeCountUpdated 2846F8E841F44724619BCD3FFD3274CC {
   "childNodeCount": 20,
   "nodeId": 83
}
[1777366053.816][DEBUG]: DevTools WebSocket Command: Runtime.evaluate (id=178) 2846F8E841F44724619BCD3FFD3274CC {
   "expression": "1"
}
[1777366053.818][DEBUG]: DevTools WebSocket Response: Runtime.evaluate (id=178) 2846F8E841F44724619BCD3FFD3274CC {
   "result": {
      "description": "1",
      "type": "number",
      "value": 1
   }
}
[1777366053.845][DEBUG]: DevTools WebSocket Event: DOM.attributeModified 2846F8E841F44724619BCD3FFD3274CC {
   "name": "class",
   "nodeId": 81,
   "value": "a-no-js a-ws"
}
[1777366053.845][DEBUG]: DevTools WebSocket Event: DOM.attributeModified 2846F8E841F44724619BCD3FFD3274CC {
   "name": "class",
   "nodeId": 81,
   "value": "a-ws"
}
[1777366053.845][DEBUG]: DevTools WebSocket Event: DOM.attributeModified 2846F8E841F44724619BCD3FFD3274CC {
   "name": "class",
   "nodeId": 81,
   "value": "a-ws a-js"
}
[1777366053.845][DEBUG]: DevTools WebSocket Event: DOM.attributeModified 2846F8E841F44724619BCD3FFD3274CC {
   "name": "class",
   "nodeId": 81,
   "value": "a-ws a-js a-audio a-video a-canvas a-svg a-drag-drop a-geolocation a-history a-webworker a-autofocus a-input-placeholder a-textarea-placeholder a-local-storage a-gradients a-transform3d a-touch-scr..."
}
[1777366053.845][DEBUG]: DevTools WebSocket Event: DOM.attributeModified 2846F8E841F44724619BCD3FFD3274CC {
   "name": "data-aui-build-date",
   "nodeId": 81,
   "value": "3.26.4-2026-04-23"
}
[1777366053.845][DEBUG]: DevTools WebSocket Event: DOM.attributeModified 2846F8E841F44724619BCD3FFD3274CC {
   "name": "class",
   "nodeId": 81,
   "value": "a-ws a-js a-audio a-video a-canvas a-svg a-drag-drop a-geolocation a-history a-webworker a-autofocus a-input-placeholder a-textarea-placeholder a-local-storage a-gradients a-transform3d a-touch-scr..."
}
[1777366053.845][DEBUG]: DevTools WebSocket Event: DOM.childNodeCountUpdated 2846F8E841F44724619BCD3FFD3274CC {
   "childNodeCount": 21,
   "nodeId": 83
}
[1777366053.845][DEBUG]: DevTools WebSocket Event: DOM.childNodeCountUpdated 2846F8E841F44724619BCD3FFD3274CC {
   "childNodeCount": 22,
   "nodeId": 83
}
[1777366053.845][DEBUG]: DevTools WebSocket Event: DOM.childNodeCountUpdated 2846F8E841F44724619BCD3FFD3274CC {
   "childNodeCount": 23,
   "nodeId": 83
}
[1777366053.845][DEBUG]: DevTools WebSocket Event: DOM.childNodeCountUpdated 2846F8E841F44724619BCD3FFD3274CC {
   "childNodeCount": 24,
   "nodeId": 83
}
[1777366053.845][DEBUG]: DevTools WebSocket Event: DOM.childNodeCountUpdated 2846F8E841F44724619BCD3FFD3274CC {
   "childNodeCount": 25,
   "nodeId": 83
}
[1777366053.846][DEBUG]: DevTools WebSocket Event: DOM.childNodeCountUpdated 2846F8E841F44724619BCD3FFD3274CC {
   "childNodeCount": 26,
   "nodeId": 83
}
[1777366053.846][DEBUG]: DevTools WebSocket Event: DOM.childNodeCountUpdated 2846F8E841F44724619BCD3FFD3274CC {
   "childNodeCount": 27,
   "nodeId": 83
}
[1777366053.846][DEBUG]: DevTools WebSocket Event: DOM.childNodeCountUpdated 2846F8E841F44724619BCD3FFD3274CC {
   "childNodeCount": 28,
   "nodeId": 83
}
[1777366053.846][DEBUG]: DevTools WebSocket Command: Runtime.evaluate (id=179) 2846F8E841F44724619BCD3FFD3274CC {
   "expression": "1"
}
[1777366053.870][DEBUG]: DevTools WebSocket Response: Runtime.evaluate (id=179) 2846F8E841F44724619BCD3FFD3274CC {
   "result": {
      "description": "1",
      "type": "number",
      "value": 1
   }
}
[1777366053.883][DEBUG]: DevTools WebSocket Event: DOM.childNodeCountUpdated 2846F8E841F44724619BCD3FFD3274CC {
   "childNodeCount": 29,
   "nodeId": 83
}
[1777366053.883][DEBUG]: DevTools WebSocket Event: DOM.childNodeCountUpdated 2846F8E841F44724619BCD3FFD3274CC {
   "childNodeCount": 30,
   "nodeId": 83
}
[1777366053.883][DEBUG]: DevTools WebSocket Event: DOM.childNodeCountUpdated 2846F8E841F44724619BCD3FFD3274CC {
   "childNodeCount": 31,
   "nodeId": 83
}
[1777366053.883][DEBUG]: DevTools WebSocket Event: DOM.childNodeCountUpdated 2846F8E841F44724619BCD3FFD3274CC {
   "childNodeCount": 32,
   "nodeId": 83
}
[1777366053.883][DEBUG]: DevTools WebSocket Event: DOM.childNodeCountUpdated 2846F8E841F44724619BCD3FFD3274CC {
   "childNodeCount": 33,
   "nodeId": 83
}
[1777366053.883][DEBUG]: DevTools WebSocket Event: DOM.childNodeCountUpdated 2846F8E841F44724619BCD3FFD3274CC {
   "childNodeCount": 34,
   "nodeId": 83
}
[1777366053.883][DEBUG]: DevTools WebSocket Event: DOM.childNodeCountUpdated 2846F8E841F44724619BCD3FFD3274CC {
   "childNodeCount": 35,
   "nodeId": 83
}
[1777366053.883][DEBUG]: DevTools WebSocket Event: DOM.childNodeCountUpdated 2846F8E841F44724619BCD3FFD3274CC {
   "childNodeCount": 36,
   "nodeId": 83
}
[1777366053.883][DEBUG]: DevTools WebSocket Event: DOM.childNodeCountUpdated 2846F8E841F44724619BCD3FFD3274CC {
   "childNodeCount": 37,
   "nodeId": 83
}
[1777366053.883][DEBUG]: DevTools WebSocket Event: DOM.childNodeCountUpdated 2846F8E841F44724619BCD3FFD3274CC {
   "childNodeCount": 38,
   "nodeId": 83
}
[1777366053.883][DEBUG]: DevTools WebSocket Event: DOM.childNodeCountUpdated 2846F8E841F44724619BCD3FFD3274CC {
   "childNodeCount": 39,
   "nodeId": 83
}
[1777366053.883][DEBUG]: DevTools WebSocket Event: DOM.childNodeCountUpdated 2846F8E841F44724619BCD3FFD3274CC {
   "childNodeCount": 40,
   "nodeId": 83
}
[1777366053.883][DEBUG]: DevTools WebSocket Event: DOM.childNodeCountUpdated 2846F8E841F44724619BCD3FFD3274CC {
   "childNodeCount": 41,
   "nodeId": 83
}
[1777366053.883][DEBUG]: DevTools WebSocket Event: DOM.childNodeCountUpdated 2846F8E841F44724619BCD3FFD3274CC {
   "childNodeCount": 42,
   "nodeId": 83
}
[1777366053.883][DEBUG]: DevTools WebSocket Event: DOM.childNodeCountUpdated 2846F8E841F44724619BCD3FFD3274CC {
   "childNodeCount": 43,
   "nodeId": 83
}
[1777366053.883][DEBUG]: DevTools WebSocket Event: DOM.childNodeCountUpdated 2846F8E841F44724619BCD3FFD3274CC {
   "childNodeCount": 44,
   "nodeId": 83
}
[1777366053.883][DEBUG]: DevTools WebSocket Event: DOM.childNodeCountUpdated 2846F8E841F44724619BCD3FFD3274CC {
   "childNodeCount": 45,
   "nodeId": 83
}
[1777366053.883][DEBUG]: DevTools WebSocket Event: DOM.childNodeCountUpdated 2846F8E841F44724619BCD3FFD3274CC {
   "childNodeCount": 46,
   "nodeId": 83
}
[1777366053.883][DEBUG]: DevTools WebSocket Event: DOM.childNodeCountUpdated 2846F8E841F44724619BCD3FFD3274CC {
   "childNodeCount": 47,
   "nodeId": 83
}
[1777366053.883][DEBUG]: DevTools WebSocket Event: DOM.childNodeCountUpdated 2846F8E841F44724619BCD3FFD3274CC {
   "childNodeCount": 48,
   "nodeId": 83
}
[1777366053.883][DEBUG]: DevTools WebSocket Event: DOM.childNodeCountUpdated 2846F8E841F44724619BCD3FFD3274CC {
   "childNodeCount": 49,
   "nodeId": 83
}
[1777366053.883][DEBUG]: DevTools WebSocket Event: DOM.childNodeCountUpdated 2846F8E841F44724619BCD3FFD3274CC {
   "childNodeCount": 50,
   "nodeId": 83
}
[1777366053.883][DEBUG]: DevTools WebSocket Event: DOM.childNodeInserted 2846F8E841F44724619BCD3FFD3274CC {
   "node": {
      "backendNodeId": 1035,
      "localName": "",
      "nodeId": 84,
      "nodeName": "#comment",
      "nodeType": 8,
      "nodeValue": " sp:end-feature:head-close "
   },
   "parentNodeId": 81,
   "previousNodeId": 83
}
[1777366053.883][DEBUG]: DevTools WebSocket Event: DOM.childNodeInserted 2846F8E841F44724619BCD3FFD3274CC {
   "node": {
      "backendNodeId": 1036,
      "localName": "",
      "nodeId": 85,
      "nodeName": "#comment",
      "nodeType": 8,
      "nodeValue": " sp:feature:start-body "
   },
   "parentNodeId": 81,
   "previousNodeId": 84
}
[1777366053.883][DEBUG]: DevTools WebSocket Event: DOM.childNodeInserted 2846F8E841F44724619BCD3FFD3274CC {
   "node": {
      "attributes": [ "class", "a-aui_72554-c a-aui_template_weblab_cache_333406-c" ],
      "backendNodeId": 1037,
      "childNodeCount": 0,
      "localName": "body",
      "nodeId": 86,
      "nodeName": "BODY",
      "nodeType": 1,
      "nodeValue": ""
   },
   "parentNodeId": 81,
   "previousNodeId": 85
}
[1777366053.883][DEBUG]: DevTools WebSocket Event: DOM.childNodeCountUpdated 2846F8E841F44724619BCD3FFD3274CC {
   "childNodeCount": 1,
   "nodeId": 86
}
[1777366053.883][DEBUG]: DevTools WebSocket Command: Runtime.evaluate (id=180) 2846F8E841F44724619BCD3FFD3274CC {
   "expression": "1"
}
[1777366053.897][DEBUG]: DevTools WebSocket Event: DOM.childNodeCountUpdated 2846F8E841F44724619BCD3FFD3274CC {
   "childNodeCount": 51,
   "nodeId": 83
}
[1777366053.897][DEBUG]: DevTools WebSocket Event: DOM.childNodeCountUpdated 2846F8E841F44724619BCD3FFD3274CC {
   "childNodeCount": 52,
   "nodeId": 83
}
[1777366053.897][DEBUG]: DevTools WebSocket Event: DOM.childNodeCountUpdated 2846F8E841F44724619BCD3FFD3274CC {
   "childNodeCount": 53,
   "nodeId": 83
}
[1777366053.898][DEBUG]: DevTools WebSocket Response: Runtime.evaluate (id=180) 2846F8E841F44724619BCD3FFD3274CC {
   "result": {
      "description": "1",
      "type": "number",
      "value": 1
   }
}
[1777366053.918][DEBUG]: DevTools WebSocket Event: DOM.childNodeCountUpdated 2846F8E841F44724619BCD3FFD3274CC {
   "childNodeCount": 2,
   "nodeId": 86
}
[1777366053.918][DEBUG]: DevTools WebSocket Event: DOM.childNodeCountUpdated 2846F8E841F44724619BCD3FFD3274CC {
   "childNodeCount": 1,
   "nodeId": 86
}
[1777366053.918][DEBUG]: DevTools WebSocket Event: DOM.childNodeInserted 2846F8E841F44724619BCD3FFD3274CC {
   "node": {
      "attributes": [  ],
      "backendNodeId": 1038,
      "childNodeCount": 1,
      "localName": "div",
      "nodeId": 87,
      "nodeName": "DIV",
      "nodeType": 1,
      "nodeValue": ""
   },
   "parentNodeId": 81,
   "previousNodeId": 0
}
[1777366053.918][DEBUG]: DevTools WebSocket Event: DOM.childNodeRemoved 2846F8E841F44724619BCD3FFD3274CC {
   "nodeId": 87,
   "parentNodeId": 81
}
[1777366053.918][DEBUG]: DevTools WebSocket Command: Runtime.evaluate (id=181) 2846F8E841F44724619BCD3FFD3274CC {
   "expression": "1"
}
[1777366053.920][DEBUG]: DevTools WebSocket Response: Runtime.evaluate (id=181) 2846F8E841F44724619BCD3FFD3274CC {
   "result": {
      "description": "1",
      "type": "number",
      "value": 1
   }
}
[1777366053.944][DEBUG]: DevTools WebSocket Event: DOM.childNodeCountUpdated 2846F8E841F44724619BCD3FFD3274CC {
   "childNodeCount": 2,
   "nodeId": 86
}
[1777366053.944][DEBUG]: DevTools WebSocket Command: Runtime.evaluate (id=182) 2846F8E841F44724619BCD3FFD3274CC {
   "expression": "1"
}
[1777366053.945][DEBUG]: DevTools WebSocket Response: Runtime.evaluate (id=182) 2846F8E841F44724619BCD3FFD3274CC {
   "result": {
      "description": "1",
      "type": "number",
      "value": 1
   }
}
[1777366054.190][DEBUG]: DevTools WebSocket Event: Page.frameResized 2846F8E841F44724619BCD3FFD3274CC {

}
[1777366054.190][DEBUG]: DevTools WebSocket Command: Runtime.evaluate (id=183) 2846F8E841F44724619BCD3FFD3274CC {
   "expression": "1"
}
[1777366054.204][DEBUG]: DevTools WebSocket Event: DOM.childNodeCountUpdated 2846F8E841F44724619BCD3FFD3274CC {
   "childNodeCount": 54,
   "nodeId": 83
}
[1777366054.221][DEBUG]: DevTools WebSocket Response: Runtime.evaluate (id=183) 2846F8E841F44724619BCD3FFD3274CC {
   "result": {
      "description": "1",
      "type": "number",
      "value": 1
   }
}
[1777366054.278][DEBUG]: DevTools WebSocket Event: DOM.childNodeCountUpdated 2846F8E841F44724619BCD3FFD3274CC {
   "childNodeCount": 55,
   "nodeId": 83
}
[1777366054.278][DEBUG]: DevTools WebSocket Event: DOM.childNodeCountUpdated 2846F8E841F44724619BCD3FFD3274CC {
   "childNodeCount": 56,
   "nodeId": 83
}
[1777366054.278][DEBUG]: DevTools WebSocket Event: DOM.childNodeCountUpdated 2846F8E841F44724619BCD3FFD3274CC {
   "childNodeCount": 57,
   "nodeId": 83
}
[1777366054.278][DEBUG]: DevTools WebSocket Command: Runtime.evaluate (id=184) 2846F8E841F44724619BCD3FFD3274CC {
   "expression": "1"
}
[1777366054.328][DEBUG]: DevTools WebSocket Response: Runtime.evaluate (id=184) 2846F8E841F44724619BCD3FFD3274CC {
   "result": {
      "description": "1",
      "type": "number",
      "value": 1
   }
}
[1777366054.828][DEBUG]: DevTools WebSocket Command: Runtime.evaluate (id=185) 2846F8E841F44724619BCD3FFD3274CC {
   "expression": "1"
}
[1777366054.937][DEBUG]: DevTools WebSocket Response: Runtime.evaluate (id=185) 2846F8E841F44724619BCD3FFD3274CC {
   "result": {
      "description": "1",
      "type": "number",
      "value": 1
   }
}
[1777366055.212][DEBUG]: DevTools WebSocket Event: DOM.childNodeCountUpdated 2846F8E841F44724619BCD3FFD3274CC {
   "childNodeCount": 3,
   "nodeId": 86
}
[1777366055.212][DEBUG]: DevTools WebSocket Event: DOM.childNodeCountUpdated 2846F8E841F44724619BCD3FFD3274CC {
   "childNodeCount": 4,
   "nodeId": 86
}
[1777366055.212][DEBUG]: DevTools WebSocket Event: DOM.childNodeCountUpdated 2846F8E841F44724619BCD3FFD3274CC {
   "childNodeCount": 5,
   "nodeId": 86
}
[1777366055.212][DEBUG]: DevTools WebSocket Event: DOM.documentUpdated 2846F8E841F44724619BCD3FFD3274CC {

}
[1777366055.212][DEBUG]: DevTools WebSocket Command: DOM.getDocument (id=186) 2846F8E841F44724619BCD3FFD3274CC {

}
[1777366055.212][DEBUG]: DevTools WebSocket Event: Page.domContentEventFired 2846F8E841F44724619BCD3FFD3274CC {
   "timestamp": 8184.315518
}
[1777366055.212][DEBUG]: DevTools WebSocket Command: Runtime.evaluate (id=187) 2846F8E841F44724619BCD3FFD3274CC {
   "expression": "1"
}
[1777366055.275][DEBUG]: DevTools WebSocket Response: DOM.getDocument (id=186) 2846F8E841F44724619BCD3FFD3274CC {
   "root": {
      "backendNodeId": 1030,
      "baseURL": "https://www.amazon.in/electronics/b/?ie=UTF8&node=976419031&ref_=nav_cs_electronics",
      "childNodeCount": 2,
      "children": [ {
         "backendNodeId": 1031,
         "localName": "",
         "nodeId": 89,
         "nodeName": "html",
         "nodeType": 10,
         "nodeValue": "",
         "parentId": 88,
         "publicId": "",
         "systemId": ""
      }, {
         "attributes": [ "lang", "en-in", "class", "a-ws a-js a-audio a-video a-canvas a-svg a-drag-drop a-geolocation a-history a-webworker a-autofocus a-input-placeholder a-textarea-placeholder a-local-storage a-gradients a-transform3d a-touch-scr...", "data-19ax5a9jf", "dingo", "data-aui-build-date", "3.26.4-2026-04-23" ],
         "backendNodeId": 1032,
         "childNodeCount": 5,
         "children": [ {
            "backendNodeId": 1033,
            "localName": "",
            "nodeId": 91,
            "nodeName": "#comment",
            "nodeType": 8,
            "nodeValue": " sp:feature:head-start ",
            "parentId": 90
         }, {
            "attributes": [  ],
            "backendNodeId": 1034,
            "childNodeCount": 57,
            "localName": "head",
            "nodeId": 92,
            "nodeName": "HEAD",
            "nodeType": 1,
            "nodeValue": "",
            "parentId": 90
         }, {
            "backendNodeId": 1035,
            "localName": "",
            "nodeId": 93,
            "nodeName": "#comment",
            "nodeType": 8,
            "nodeValue": " sp:end-feature:head-close ",
            "parentId": 90
         }, {
            "backendNodeId": 1036,
            "localName": "",
            "nodeId": 94,
            "nodeName": "#comment",
            "nodeType": 8,
            "nodeValue": " sp:feature:start-body ",
            "parentId": 90
         }, {
            "attributes": [ "class", "a-aui_72554-c a-aui_template_weblab_cache_333406-c a-meter-animate" ],
            "backendNodeId": 1037,
            "childNodeCount": 5,
            "localName": "body",
            "nodeId": 95,
            "nodeName": "BODY",
            "nodeType": 1,
            "nodeValue": "",
            "parentId": 90
         } ],
         "frameId": "2846F8E841F44724619BCD3FFD3274CC",
         "localName": "html",
         "nodeId": 90,
         "nodeName": "HTML",
         "nodeType": 1,
         "nodeValue": "",
         "parentId": 88
      } ],
      "documentURL": "https://www.amazon.in/electronics/b/?ie=UTF8&node=976419031&ref_=nav_cs_electronics",
      "localName": "",
      "nodeId": 88,
      "nodeName": "#document",
      "nodeType": 9,
      "nodeValue": "",
      "xmlVersion": ""
   }
}
[1777366055.275][DEBUG]: DevTools WebSocket Response: Runtime.evaluate (id=187) 2846F8E841F44724619BCD3FFD3274CC {
   "result": {
      "description": "1",
      "type": "number",
      "value": 1
   }
}
[1777366055.339][DEBUG]: DevTools WebSocket Event: DOM.childNodeCountUpdated 2846F8E841F44724619BCD3FFD3274CC {
   "childNodeCount": 58,
   "nodeId": 92
}
[1777366055.339][DEBUG]: DevTools WebSocket Event: DOM.childNodeCountUpdated 2846F8E841F44724619BCD3FFD3274CC {
   "childNodeCount": 59,
   "nodeId": 92
}
[1777366055.339][DEBUG]: DevTools WebSocket Command: Runtime.evaluate (id=188) 2846F8E841F44724619BCD3FFD3274CC {
   "expression": "1"
}
[1777366055.340][DEBUG]: DevTools WebSocket Event: Log.entryAdded 2846F8E841F44724619BCD3FFD3274CC {
   "entry": {
      "level": "warning",
      "lineNumber": 10556,
      "source": "deprecation",
      "stackTrace": {
         "callFrames": [ {
            "columnNumber": 2048,
            "functionName": "",
            "lineNumber": 10556,
            "scriptId": "756",
            "url": "https://www.amazon.in/electronics/b/?ie=UTF8&node=976419031&ref_=nav_cs_electronics"
         }, {
            "columnNumber": 3502,
            "functionName": "h",
            "lineNumber": 10556,
            "scriptId": "756",
            "url": "https://www.amazon.in/electronics/b/?ie=UTF8&node=976419031&ref_=nav_cs_electronics"
         }, {
            "columnNumber": 2276,
            "functionName": "e",
            "lineNumber": 10556,
            "scriptId": "756",
            "url": "https://www.amazon.in/electronics/b/?ie=UTF8&node=976419031&ref_=nav_cs_electronics"
         }, {
            "columnNumber": 3468,
            "functionName": "h",
            "lineNumber": 10556,
            "scriptId": "756",
            "url": "https://www.amazon.in/electronics/b/?ie=UTF8&node=976419031&ref_=nav_cs_electronics"
         }, {
            "columnNumber": 2269,
            "functionName": "e",
            "lineNumber": 10556,
            "scriptId": "756",
            "url": "https://www.amazon.in/electronics/b/?ie=UTF8&node=976419031&ref_=nav_cs_electronics"
         }, {
            "columnNumber": 2215,
            "functionName": "f",
            "lineNumber": 10556,
            "scriptId": "756",
            "url": "https://www.amazon.in/electronics/b/?ie=UTF8&node=976419031&ref_=nav_cs_electronics"
         }, {
            "columnNumber": 3653,
            "functionName": "",
            "lineNumber": 10556,
            "scriptId": "756",
            "url": "https://www.amazon.in/electronics/b/?ie=UTF8&node=976419031&ref_=nav_cs_electronics"
         }, {
            "columnNumber": 4148,
            "functionName": "",
            "lineNumber": 10556,
            "scriptId": "756",
            "url": "https://www.amazon.in/electronics/b/?ie=UTF8&node=976419031&ref_=nav_cs_electronics"
         }, {
            "columnNumber": 327,
            "functionName": "",
            "lineNumber": 10557,
            "scriptId": "756",
            "url": "https://www.amazon.in/electronics/b/?ie=UTF8&node=976419031&ref_=nav_cs_electronics"
         }, {
            "columnNumber": 3356,
            "functionName": "y",
            "lineNumber": 10556,
            "scriptId": "756",
            "url": "https://www.amazon.in/electronics/b/?ie=UTF8&node=976419031&ref_=nav_cs_electronics"
         }, {
            "columnNumber": 2690,
            "functionName": "",
            "lineNumber": 10556,
            "scriptId": "756",
            "url": "https://www.amazon.in/electronics/b/?ie=UTF8&node=976419031&ref_=nav_cs_electronics"
         }, {
            "columnNumber": 2303,
            "functionName": "e",
            "lineNumber": 10556,
            "scriptId": "756",
            "url": "https://www.amazon.in/electronics/b/?ie=UTF8&node=976419031&ref_=nav_cs_electronics"
         }, {
            "columnNumber": 2215,
            "functionName": "f",
            "lineNumber": 10556,
            "scriptId": "756",
            "url": "https://www.amazon.in/electronics/b/?ie=UTF8&node=976419031&ref_=nav_cs_electronics"
         }, {
            "columnNumber": 3653,
            "functionName": "",
            "lineNumber": 10556,
            "scriptId": "756",
            "url": "https://www.amazon.in/electronics/b/?ie=UTF8&node=976419031&ref_=nav_cs_electronics"
         }, {
            "columnNumber": 4148,
            "functionName": "",
            "lineNumber": 10556,
            "scriptId": "756",
            "url": "https://www.amazon.in/electronics/b/?ie=UTF8&node=976419031&ref_=nav_cs_electronics"
         }, {
            "columnNumber": 327,
            "functionName": "",
            "lineNumber": 10557,
            "scriptId": "756",
            "url": "https://www.amazon.in/electronics/b/?ie=UTF8&node=976419031&ref_=nav_cs_electronics"
         }, {
            "columnNumber": 3356,
            "functionName": "y",
            "lineNumber": 10556,
            "scriptId": "756",
            "url": "https://www.amazon.in/electronics/b/?ie=UTF8&node=976419031&ref_=nav_cs_electronics"
         }, {
            "columnNumber": 2690,
            "functionName": "",
            "lineNumber": 10556,
            "scriptId": "756",
            "url": "https://www.amazon.in/electronics/b/?ie=UTF8&node=976419031&ref_=nav_cs_electronics"
         }, {
            "columnNumber": 2303,
            "functionName": "e",
            "lineNumber": 10556,
            "scriptId": "756",
            "url": "https://www.amazon.in/electronics/b/?ie=UTF8&node=976419031&ref_=nav_cs_electronics"
         }, "..." ]
      },
      "text": "'window.webkitStorageInfo' is deprecated. Please use 'navigator.webkitTemporaryStorage' or 'navigator.webkitPersistentStorage' instead.",
      "timestamp": 1.777366055338215e+12,
      "url": "https://www.amazon.in/electronics/b/?ie=UTF8&node=976419031&ref_=nav_cs_electronics"
   }
}
[1777366055.381][DEBUG]: DevTools WebSocket Event: Page.loadEventFired 2846F8E841F44724619BCD3FFD3274CC {
   "timestamp": 8184.478421
}
[1777366055.381][DEBUG]: DevTools WebSocket Command: Runtime.evaluate (id=189) 2846F8E841F44724619BCD3FFD3274CC {
   "awaitPromise": false,
   "expression": "document.readyState",
   "returnByValue": true
}
[1777366055.381][DEBUG]: DevTools WebSocket Event: Page.frameStoppedLoading 2846F8E841F44724619BCD3FFD3274CC {
   "frameId": "2846F8E841F44724619BCD3FFD3274CC"
}
[1777366055.407][DEBUG]: DevTools WebSocket Response: Runtime.evaluate (id=188) 2846F8E841F44724619BCD3FFD3274CC {
   "result": {
      "description": "1",
      "type": "number",
      "value": 1
   }
}
[1777366055.415][DEBUG]: DevTools WebSocket Response: Runtime.evaluate (id=189) 2846F8E841F44724619BCD3FFD3274CC {
   "result": {
      "type": "string",
      "value": "complete"
   }
}
[1777366055.415][INFO]: Done waiting for pending navigations. Status: ok
[1777366055.415][INFO]: [1f06e95b50b89884cf09928311c93952] RESPONSE ClickElement
[1777366058.438][INFO]: [1f06e95b50b89884cf09928311c93952] COMMAND GetUrl {

}
[1777366058.438][DEBUG]: DevTools WebSocket Event: DOM.childNodeCountUpdated 2846F8E841F44724619BCD3FFD3274CC {
   "childNodeCount": 4,
   "nodeId": 95
}
[1777366058.438][DEBUG]: DevTools WebSocket Event: Page.frameAttached 2846F8E841F44724619BCD3FFD3274CC {
   "frameId": "D345AACAB250DDC01D64D243EAC1D6AB",
   "parentFrameId": "2846F8E841F44724619BCD3FFD3274CC",
   "stack": {
      "callFrames": [ {
         "columnNumber": 344,
         "functionName": "",
         "lineNumber": 10334,
         "scriptId": "750",
         "url": "https://www.amazon.in/electronics/b/?ie=UTF8&node=976419031&ref_=nav_cs_electronics"
      } ]
   }
}
[1777366058.438][DEBUG]: DevTools WebSocket Event: Page.frameStartedLoading 2846F8E841F44724619BCD3FFD3274CC {
   "frameId": "D345AACAB250DDC01D64D243EAC1D6AB"
}
[1777366058.439][DEBUG]: DevTools WebSocket Event: Target.attachedToTarget 2846F8E841F44724619BCD3FFD3274CC {
   "sessionId": "20A8A3B98479E764C371EC67E1772279",
   "targetInfo": {
      "attached": true,
      "browserContextId": "8ACEE6B50745CF4CEAB1DDFBC17555D7",
      "canAccessOpener": false,
      "targetId": "D345AACAB250DDC01D64D243EAC1D6AB",
      "title": "",
      "type": "iframe",
      "url": ""
   },
   "waitingForDebugger": false
}
[1777366058.439][DEBUG]: DevTools WebSocket Command: Page.addScriptToEvaluateOnNewDocument (id=1) 20A8A3B98479E764C371EC67E1772279 {
   "source": "(function () {window.cdc_adoQpoasnfa76pfcZLmcfl_Array = window.Array;window.cdc_adoQpoasnfa76pfcZLmcfl_Promise = window.Promise;window.cdc_adoQpoasnfa76pfcZLmcfl_Symbol = window.Symbol;}) ();"
}
[1777366058.439][DEBUG]: DevTools WebSocket Command: Runtime.evaluate (id=2) 20A8A3B98479E764C371EC67E1772279 {
   "expression": "(function () {window.cdc_adoQpoasnfa76pfcZLmcfl_Array = window.Array;window.cdc_adoQpoasnfa76pfcZLmcfl_Promise = window.Promise;window.cdc_adoQpoasnfa76pfcZLmcfl_Symbol = window.Symbol;}) ();"
}
[1777366058.439][DEBUG]: DevTools WebSocket Command: DOM.getDocument (id=3) 20A8A3B98479E764C371EC67E1772279 {

}
[1777366058.439][DEBUG]: DevTools WebSocket Command: Target.setAutoAttach (id=4) 20A8A3B98479E764C371EC67E1772279 {
   "autoAttach": true,
   "flatten": true,
   "waitForDebuggerOnStart": false
}
[1777366058.440][DEBUG]: DevTools WebSocket Command: Page.enable (id=5) 20A8A3B98479E764C371EC67E1772279 {

}
[1777366058.440][DEBUG]: DevTools WebSocket Command: Page.enable (id=190) 2846F8E841F44724619BCD3FFD3274CC {

}
[1777366058.440][DEBUG]: DevTools WebSocket Event: Page.frameStoppedLoading 2846F8E841F44724619BCD3FFD3274CC {
   "frameId": "D345AACAB250DDC01D64D243EAC1D6AB"
}
[1777366058.440][DEBUG]: DevTools WebSocket Event: Page.frameDetached 2846F8E841F44724619BCD3FFD3274CC {
   "frameId": "D345AACAB250DDC01D64D243EAC1D6AB",
   "reason": "swap"
}
[1777366058.440][DEBUG]: DevTools WebSocket Event: DOM.childNodeCountUpdated 2846F8E841F44724619BCD3FFD3274CC {
   "childNodeCount": 60,
   "nodeId": 92
}
[1777366058.440][DEBUG]: DevTools WebSocket Event: DOM.childNodeCountUpdated 2846F8E841F44724619BCD3FFD3274CC {
   "childNodeCount": 61,
   "nodeId": 92
}
[1777366058.441][DEBUG]: DevTools WebSocket Event: DOM.childNodeCountUpdated 2846F8E841F44724619BCD3FFD3274CC {
   "childNodeCount": 62,
   "nodeId": 92
}
[1777366058.441][DEBUG]: DevTools WebSocket Response: Page.addScriptToEvaluateOnNewDocument (id=1) 20A8A3B98479E764C371EC67E1772279 {
   "identifier": "1"
}
[1777366058.441][DEBUG]: DevTools WebSocket Response: Runtime.evaluate (id=2) 20A8A3B98479E764C371EC67E1772279 {
   "result": {
      "type": "undefined"
   }
}
[1777366058.441][DEBUG]: DevTools WebSocket Response: DOM.getDocument (id=3) 20A8A3B98479E764C371EC67E1772279 {
   "root": {
      "backendNodeId": 1,
      "baseURL": "https://aax-eu.amazon-adsystem.com/s/iu3?d=amazon.in&slot=navFooter&a2=010172f5953ca571f44b6ab38d37f0c6ebd6bf5442b9bd58c59b2484a4e2dc59db72&old_oo=0&ts=1777366053661&s=AZiaAhyGzIQu5h3RThVxWlEg4cHwJ...",
      "childNodeCount": 1,
      "children": [ {
         "attributes": [  ],
         "backendNodeId": 3,
         "childNodeCount": 2,
         "children": [ {
            "attributes": [  ],
            "backendNodeId": 4,
            "childNodeCount": 0,
            "localName": "head",
            "nodeId": 3,
            "nodeName": "HEAD",
            "nodeType": 1,
            "nodeValue": "",
            "parentId": 2
         }, {
            "attributes": [ "style", "background-color:transparent", "marginwidth", "0", "marginheight", "0" ],
            "backendNodeId": 5,
            "childNodeCount": 1,
            "localName": "body",
            "nodeId": 4,
            "nodeName": "BODY",
            "nodeType": 1,
            "nodeValue": "",
            "parentId": 2
         } ],
         "frameId": "D345AACAB250DDC01D64D243EAC1D6AB",
         "localName": "html",
         "nodeId": 2,
         "nodeName": "HTML",
         "nodeType": 1,
         "nodeValue": "",
         "parentId": 1
      } ],
      "documentURL": "https://aax-eu.amazon-adsystem.com/s/iu3?d=amazon.in&slot=navFooter&a2=010172f5953ca571f44b6ab38d37f0c6ebd6bf5442b9bd58c59b2484a4e2dc59db72&old_oo=0&ts=1777366053661&s=AZiaAhyGzIQu5h3RThVxWlEg4cHwJ...",
      "localName": "",
      "nodeId": 1,
      "nodeName": "#document",
      "nodeType": 9,
      "nodeValue": "",
      "xmlVersion": ""
   }
}
[1777366058.441][DEBUG]: DevTools WebSocket Response: Target.setAutoAttach (id=4) 20A8A3B98479E764C371EC67E1772279 {

}
[1777366058.441][DEBUG]: DevTools WebSocket Response: Page.enable (id=5) 20A8A3B98479E764C371EC67E1772279 {

}
[1777366058.441][DEBUG]: DevTools WebSocket Response: Page.enable (id=190) 2846F8E841F44724619BCD3FFD3274CC {

}
[1777366058.441][DEBUG]: DevTools WebSocket Command: Runtime.enable (id=6) 20A8A3B98479E764C371EC67E1772279 {

}
[1777366058.442][DEBUG]: DevTools WebSocket Event: Runtime.executionContextCreated 20A8A3B98479E764C371EC67E1772279 {
   "context": {
      "auxData": {
         "frameId": "B45B5269B858FE8F5ABD401C6B088BA7",
         "isDefault": true,
         "type": "default"
      },
      "id": 2,
      "name": "",
      "origin": "://",
      "uniqueId": "3513820043732733482.-5282654252915577667"
   }
}
[1777366058.442][DEBUG]: DevTools WebSocket Event: Runtime.executionContextCreated 20A8A3B98479E764C371EC67E1772279 {
   "context": {
      "auxData": {
         "frameId": "D345AACAB250DDC01D64D243EAC1D6AB",
         "isDefault": true,
         "type": "default"
      },
      "id": 1,
      "name": "",
      "origin": "://",
      "uniqueId": "6932517548827367373.7818174777733485116"
   }
}
[1777366058.442][DEBUG]: DevTools WebSocket Response: Runtime.enable (id=6) 20A8A3B98479E764C371EC67E1772279 {

}
[1777366058.442][DEBUG]: DevTools WebSocket Command: Page.enable (id=7) 20A8A3B98479E764C371EC67E1772279 {

}
[1777366058.443][DEBUG]: DevTools WebSocket Response: Page.enable (id=7) 20A8A3B98479E764C371EC67E1772279 {

}
[1777366058.443][INFO]: Waiting for pending navigations...
[1777366058.443][DEBUG]: DevTools WebSocket Command: Runtime.evaluate (id=191) 2846F8E841F44724619BCD3FFD3274CC {
   "expression": "1"
}
[1777366058.443][DEBUG]: DevTools WebSocket Response: Runtime.evaluate (id=191) 2846F8E841F44724619BCD3FFD3274CC {
   "result": {
      "description": "1",
      "type": "number",
      "value": 1
   }
}
[1777366058.444][DEBUG]: DevTools WebSocket Command: DOM.getDocument (id=192) 2846F8E841F44724619BCD3FFD3274CC {

}
[1777366058.444][DEBUG]: DevTools WebSocket Response: DOM.getDocument (id=192) 2846F8E841F44724619BCD3FFD3274CC {
   "root": {
      "backendNodeId": 1030,
      "baseURL": "https://www.amazon.in/electronics/b/?ie=UTF8&node=976419031&ref_=nav_cs_electronics",
      "childNodeCount": 2,
      "children": [ {
         "backendNodeId": 1031,
         "localName": "",
         "nodeId": 97,
         "nodeName": "html",
         "nodeType": 10,
         "nodeValue": "",
         "parentId": 96,
         "publicId": "",
         "systemId": ""
      }, {
         "attributes": [ "lang", "en-in", "class", "a-ws a-js a-audio a-video a-canvas a-svg a-drag-drop a-geolocation a-history a-webworker a-autofocus a-input-placeholder a-textarea-placeholder a-local-storage a-gradients a-transform3d a-touch-scr...", "data-19ax5a9jf", "dingo", "data-aui-build-date", "3.26.4-2026-04-23" ],
         "backendNodeId": 1032,
         "childNodeCount": 5,
         "children": [ {
            "backendNodeId": 1033,
            "localName": "",
            "nodeId": 99,
            "nodeName": "#comment",
            "nodeType": 8,
            "nodeValue": " sp:feature:head-start ",
            "parentId": 98
         }, {
            "attributes": [  ],
            "backendNodeId": 1034,
            "childNodeCount": 62,
            "localName": "head",
            "nodeId": 100,
            "nodeName": "HEAD",
            "nodeType": 1,
            "nodeValue": "",
            "parentId": 98
         }, {
            "backendNodeId": 1035,
            "localName": "",
            "nodeId": 101,
            "nodeName": "#comment",
            "nodeType": 8,
            "nodeValue": " sp:end-feature:head-close ",
            "parentId": 98
         }, {
            "backendNodeId": 1036,
            "localName": "",
            "nodeId": 102,
            "nodeName": "#comment",
            "nodeType": 8,
            "nodeValue": " sp:feature:start-body ",
            "parentId": 98
         }, {
            "attributes": [ "class", "a-aui_72554-c a-aui_template_weblab_cache_333406-c a-meter-animate" ],
            "backendNodeId": 1037,
            "childNodeCount": 4,
            "localName": "body",
            "nodeId": 103,
            "nodeName": "BODY",
            "nodeType": 1,
            "nodeValue": "",
            "parentId": 98
         } ],
         "frameId": "2846F8E841F44724619BCD3FFD3274CC",
         "localName": "html",
         "nodeId": 98,
         "nodeName": "HTML",
         "nodeType": 1,
         "nodeValue": "",
         "parentId": 96
      } ],
      "documentURL": "https://www.amazon.in/electronics/b/?ie=UTF8&node=976419031&ref_=nav_cs_electronics",
      "localName": "",
      "nodeId": 96,
      "nodeName": "#document",
      "nodeType": 9,
      "nodeValue": "",
      "xmlVersion": ""
   }
}
[1777366058.444][DEBUG]: DevTools WebSocket Command: Runtime.evaluate (id=193) 2846F8E841F44724619BCD3FFD3274CC {
   "awaitPromise": false,
   "expression": "document.readyState",
   "returnByValue": true
}
[1777366058.445][DEBUG]: DevTools WebSocket Response: Runtime.evaluate (id=193) 2846F8E841F44724619BCD3FFD3274CC {
   "result": {
      "type": "string",
      "value": "complete"
   }
}
[1777366058.445][INFO]: Done waiting for pending navigations. Status: ok
[1777366058.446][DEBUG]: DevTools WebSocket Command: Runtime.evaluate (id=194) 2846F8E841F44724619BCD3FFD3274CC {
   "awaitPromise": true,
   "expression": "(function() { // Copyright (c) 2012 The Chromium Authors. All rights reserved.\n// Use of this source code is governed by a BSD-style license that can be\n// found in the LICENSE file.\n\n/**\n * Enum f...",
   "returnByValue": true
}
[1777366058.448][DEBUG]: DevTools WebSocket Response: Runtime.evaluate (id=194) 2846F8E841F44724619BCD3FFD3274CC {
   "result": {
      "type": "object",
      "value": {
         "status": 0,
         "value": "https://www.amazon.in/electronics/b/?ie=UTF8&node=976419031&ref_=nav_cs_electronics"
      }
   }
}
[1777366058.448][INFO]: Waiting for pending navigations...
[1777366058.448][DEBUG]: DevTools WebSocket Command: Runtime.evaluate (id=195) 2846F8E841F44724619BCD3FFD3274CC {
   "expression": "1"
}
[1777366058.448][DEBUG]: DevTools WebSocket Response: Runtime.evaluate (id=195) 2846F8E841F44724619BCD3FFD3274CC {
   "result": {
      "description": "1",
      "type": "number",
      "value": 1
   }
}
[1777366058.448][INFO]: Done waiting for pending navigations. Status: ok
[1777366058.448][INFO]: [1f06e95b50b89884cf09928311c93952] RESPONSE GetUrl "https://www.amazon.in/electronics/b/?ie=UTF8&node=976419031&ref_=nav_cs_electronics"
[1777366058.478][INFO]: [1f06e95b50b89884cf09928311c93952] COMMAND CloseWindow {

}
[1777366058.478][DEBUG]: DevTools HTTP Request: http://localhost:36113/json/list
[1777366058.480][DEBUG]: DevTools HTTP Response: [ {
   "description": "",
   "devtoolsFrontendUrl": "/devtools/inspector.html?ws=localhost:36113/devtools/page/2846F8E841F44724619BCD3FFD3274CC",
   "faviconUrl": "https://www.amazon.in/favicon.ico",
   "id": "2846F8E841F44724619BCD3FFD3274CC",
   "title": "Buy Electronic Products Online with Up to 60% OFF at Amazon.in",
   "type": "page",
   "url": "https://www.amazon.in/electronics/b/?ie=UTF8&node=976419031&ref_=nav_cs_electronics",
   "webSocketDebuggerUrl": "ws://localhost:36113/devtools/page/2846F8E841F44724619BCD3FFD3274CC"
}, {
   "description": "",
   "devtoolsFrontendUrl": "/devtools/inspector.html?ws=localhost:36113/devtools/page/D345AACAB250DDC01D64D243EAC1D6AB",
   "faviconUrl": "https://www.amazon.in/favicon.ico",
   "id": "D345AACAB250DDC01D64D243EAC1D6AB",
   "parentId": "2846F8E841F44724619BCD3FFD3274CC",
   "title": "https://aax-eu.amazon-adsystem.com/s/iu3?d=amazon.in&amp;slot=navFooter&amp;a2=010172f5953ca571f44b6ab38d37f0c6ebd6bf5442b9bd58c59b2484a4e2dc59db72&amp;old_oo=0&amp;ts=1777366053661&amp;s=AZiaAhyGzIQu5h3RThVxWlEg4cHwJsI6uhlyyZnh2qce&amp;gdpr_consent=&amp;gdpr_consent_avl=&amp;cb=1777366053661",
   "type": "iframe",
   "url": "https://aax-eu.amazon-adsystem.com/s/iu3?d=amazon.in&slot=navFooter&a2=010172f5953ca571f44b6ab38d37f0c6ebd6bf5442b9bd58c59b2484a4e2dc59db72&old_oo=0&ts=1777366053661&s=AZiaAhyGzIQu5h3RThVxWlEg4cHwJsI6uhlyyZnh2qce&gdpr_consent=&gdpr_consent_avl=&cb=1777366053661",
   "webSocketDebuggerUrl": "ws://localhost:36113/devtools/page/D345AACAB250DDC01D64D243EAC1D6AB"
}, {
   "description": "",
   "devtoolsFrontendUrl": "/devtools/inspector.html?ws=localhost:36113/devtools/page/31F3BEA803EF2270EB61F307F4983B0B",
   "id": "31F3BEA803EF2270EB61F307F4983B0B",
   "title": "Service Worker https://www.amazon.in/service-worker.js",
   "type": "service_worker",
   "url": "https://www.amazon.in/service-worker.js",
   "webSocketDebuggerUrl": "ws://localhost:36113/devtools/page/31F3BEA803EF2270EB61F307F4983B0B"
} ]

[1777366058.480][DEBUG]: DevTools HTTP Request: http://localhost:36113/json/close/2846F8E841F44724619BCD3FFD3274CC
[1777366058.481][DEBUG]: DevTools HTTP Response: Target is closing
[1777366058.482][DEBUG]: DevTools HTTP Request: http://localhost:36113/json/list
[1777366058.483][DEBUG]: DevTools HTTP Response: [ {
   "description": "",
   "devtoolsFrontendUrl": "/devtools/inspector.html?ws=localhost:36113/devtools/page/2846F8E841F44724619BCD3FFD3274CC",
   "faviconUrl": "https://www.amazon.in/favicon.ico",
   "id": "2846F8E841F44724619BCD3FFD3274CC",
   "title": "Buy Electronic Products Online with Up to 60% OFF at Amazon.in",
   "type": "page",
   "url": "https://www.amazon.in/electronics/b/?ie=UTF8&node=976419031&ref_=nav_cs_electronics",
   "webSocketDebuggerUrl": "ws://localhost:36113/devtools/page/2846F8E841F44724619BCD3FFD3274CC"
}, {
   "description": "",
   "devtoolsFrontendUrl": "/devtools/inspector.html?ws=localhost:36113/devtools/page/D345AACAB250DDC01D64D243EAC1D6AB",
   "faviconUrl": "https://www.amazon.in/favicon.ico",
   "id": "D345AACAB250DDC01D64D243EAC1D6AB",
   "parentId": "2846F8E841F44724619BCD3FFD3274CC",
   "title": "https://aax-eu.amazon-adsystem.com/s/iu3?d=amazon.in&amp;slot=navFooter&amp;a2=010172f5953ca571f44b6ab38d37f0c6ebd6bf5442b9bd58c59b2484a4e2dc59db72&amp;old_oo=0&amp;ts=1777366053661&amp;s=AZiaAhyGzIQu5h3RThVxWlEg4cHwJsI6uhlyyZnh2qce&amp;gdpr_consent=&amp;gdpr_consent_avl=&amp;cb=1777366053661",
   "type": "iframe",
   "url": "https://aax-eu.amazon-adsystem.com/s/iu3?d=amazon.in&slot=navFooter&a2=010172f5953ca571f44b6ab38d37f0c6ebd6bf5442b9bd58c59b2484a4e2dc59db72&old_oo=0&ts=1777366053661&s=AZiaAhyGzIQu5h3RThVxWlEg4cHwJsI6uhlyyZnh2qce&gdpr_consent=&gdpr_consent_avl=&cb=1777366053661",
   "webSocketDebuggerUrl": "ws://localhost:36113/devtools/page/D345AACAB250DDC01D64D243EAC1D6AB"
}, {
   "description": "",
   "devtoolsFrontendUrl": "/devtools/inspector.html?ws=localhost:36113/devtools/page/31F3BEA803EF2270EB61F307F4983B0B",
   "id": "31F3BEA803EF2270EB61F307F4983B0B",
   "title": "Service Worker https://www.amazon.in/service-worker.js",
   "type": "service_worker",
   "url": "https://www.amazon.in/service-worker.js",
   "webSocketDebuggerUrl": "ws://localhost:36113/devtools/page/31F3BEA803EF2270EB61F307F4983B0B"
} ]

[1777366058.533][DEBUG]: DevTools HTTP Request: http://localhost:36113/json/list
[1777366058.556][DEBUG]: DevTools HTTP Response: [ {
   "description": "",
   "devtoolsFrontendUrl": "/devtools/inspector.html?ws=localhost:36113/devtools/page/31F3BEA803EF2270EB61F307F4983B0B",
   "id": "31F3BEA803EF2270EB61F307F4983B0B",
   "title": "Service Worker https://www.amazon.in/service-worker.js",
   "type": "service_worker",
   "url": "https://www.amazon.in/service-worker.js",
   "webSocketDebuggerUrl": "ws://localhost:36113/devtools/page/31F3BEA803EF2270EB61F307F4983B0B"
} ]

[0428/084738.595311:ERROR:nacl_helper_linux.cc(307)] NaCl helper process running without a sandbox!
Most likely you need to configure your SUID sandbox correctly
[1777366058.606][INFO]: [1f06e95b50b89884cf09928311c93952] RESPONSE CloseWindow [  ]
[1777366058.606][DEBUG]: Log type 'driver' lost 0 entries on destruction
[1777366058.606][DEBUG]: Log type 'browser' lost 13 entries on destruction
